date,text,score_label,score_negative,score_neutral,score_positive,retweetCount,replyCount,likeCount,quoteCount,robertuito_7,robertuito_214,robertuito_231,robertuito_244,robertuito_298,robertuito_311,robertuito_328,robertuito_373,robertuito_551,robertuito_625,robertuito_650
2022-06-18,trabajadores codelco saben perfectamente fundiciones llevan cobre procesar menor precio seguro boric prometió amiguitos globalistas extranjero si chile quiere progresar debe mejorar plantas nunca cerrarlas,0.716579258441925,0.716579258441925,0.2412314265966415,0.0421893075108528,4,0,2,0,0.637259,0.61831975,0.93726623,0.20184192,-0.41140756,-0.54945,-0.6749107,-0.4616581,0.6843876,0.64434195,0.81532305
2022-06-18,presidente gabriel boric quiero enfático trabajadores familias vamos dejar solo ningún trabajador trabajadora quedará empleo compañía,0.7236284017562866,0.7236284017562866,0.2544596195220947,0.0219119396060705,1,2,4,5,0.6973626,0.33103415,1.0836312,0.0091392305,-0.18254298,-0.14217274,-0.24996944,-0.6203243,1.2914932,0.12159318,1.1448535
2022-06-18,cnnprime presidente gabriel boric refiere cierre división ventanas codelco realizará mediante proceso gradual responsable población trabajadores señal vivo,0.6231192946434021,0.2271747291088104,0.6231192946434021,0.1497059613466262,401,161,1561,94,0.2997262,0.083803646,1.5881686,-0.11466135,-0.55216664,-0.37047863,-0.44645023,-0.5862005,0.5096834,0.3858523,0.59824127
2022-06-18,boric chile región campea terrorismo violencia llama araucanía cuándo va ir dar miradita si miedo anda rodeado infantes marina van proteger temas,0.8824775815010071,0.8824775815010071,0.1088015288114547,0.0087208077311515,81,6,104,3,0.9593615,0.32246366,0.91258246,-0.16942324,-0.5593797,-0.121191025,-0.23045957,-0.14544241,0.7347092,0.78131074,0.9537517
2022-06-18,presidente boric anuncia cierre fundición codelco ventanas ningún trabajador quedará empleo,0.721749484539032,0.721749484539032,0.2488550692796707,0.0293953828513622,0,0,1,0,0.29600108,0.23168407,1.5812765,0.18811122,-0.18037985,-0.3890638,-0.7232799,-0.49879915,0.9319704,0.45214486,0.857017
2022-06-18,presidente república gabriel boric anuncia inicio proceso cierre fundición ventanas queremos zona sacrificio además afirmó realizará mediante proceso gradual responsable población trabajadores,0.639534592628479,0.0814826190471649,0.639534592628479,0.2789828181266784,4,2,4,0,0.27462167,0.01159435,1.5906675,-0.20942457,-0.34035236,-0.5117225,-0.35439536,-0.9820357,0.9659215,0.46526596,0.84949785
2022-06-18,cosas piteado gabriel boric lista actualizada,0.7541882395744324,0.0762896388769149,0.7541882395744324,0.1695221066474914,11,1,21,2,-0.029783314,1.0735159,0.9019933,0.31295723,0.32344946,-0.67179215,-0.7137226,-0.09852035,0.4267064,0.029841226,0.5208772
2022-06-18,progrerio llama defender despidos codelco ventanas dice despedido 186000 persona agradecerle desempleo verde identitario pais pueblo pasara frio invierno quemando arbolitos ñuñoinos,0.8827455043792725,0.8827455043792725,0.1070988550782203,0.0101555325090885,3,0,6,0,0.48388496,0.9087862,1.3199663,0.11164807,-0.18793145,-0.16268882,-0.31547293,-0.13080043,0.7288984,0.33844444,0.45445278
2022-06-18,presidente gabriel boric refiere cierre fundición ventanas plutotv vivo señal youtube,0.5499753952026367,0.23090560734272,0.5499753952026367,0.2191189974546432,4,1,8,0,0.14255583,0.33658743,1.5132368,0.10564462,-0.5976695,-0.6273804,-0.73132145,-0.10807145,0.58581096,0.3904019,0.65100664
2022-06-18,mama respeta quiere ello chilenos respaldamos igual presidente boric,0.3850405216217041,0.3017282485961914,0.3850405216217041,0.3132312297821045,0,0,0,0,0.022091473,-0.30541858,0.972883,-0.45047462,-0.8309734,-0.45776248,0.056820612,0.13314615,0.939981,1.6574717,0.5252636
2022-06-18,familias respiran aire tóxico l días quintero nadie importaba gabriel boric decide realizar hace años debió realizar difícil crear mejor país tod extremo individualismo apoyo paro nacional irracionales,0.9513485431671144,0.9513485431671144,0.0445660836994648,0.0040854094550013,56,5,181,2,0.39221722,0.2903502,0.5943447,0.21936092,-0.24346174,-0.1996397,-0.44659588,-0.14975455,0.57175124,0.69290686,0.7357431
2022-06-18,decisión d codelco cese d fundición ventanas creo capitaliza presidente gabriel boric mejor gestión últimos años nunca gobierno puesto x encima niños persona años luchas x dignidad habitantes dl sector emociona,0.4956521391868591,0.4956521391868591,0.4325889050960541,0.0717589259147644,8,2,66,0,0.35537326,0.7486341,1.3535744,0.42396215,0.15213697,-0.027462605,-0.20832366,-0.17812619,0.7898746,0.34499177,0.65989876
2022-06-18,pamela jiles emplazó izkia siches boric inoperantes via,0.8939410448074341,0.8939410448074341,0.0895980298519134,0.0164609234780073,0,0,0,0,-0.027487427,0.75510263,0.9147156,0.26817816,0.29376897,-0.33078647,-0.2906611,0.07882351,0.49236247,-0.1316795,0.3947172
2022-06-18,presidente boric cierre fundición ventanas queremos zona sacrificio cooperativacontigo,0.4606191515922546,0.4277060627937317,0.4606191515922546,0.111674852669239,27,17,353,3,0.4330628,-0.13360928,1.1215265,-0.031109767,-1.0211371,-0.72391135,-0.18223484,-0.5017534,1.3484675,0.6514355,0.113084815
2022-06-18,castillo anuncia encuentro boric tratar temas fronterizos swi español,0.7228432297706604,0.0490086525678634,0.7228432297706604,0.2281481623649597,0,0,0,1,0.69282544,0.15556556,1.6171663,0.117406555,0.015029634,-0.70860964,-0.48145422,0.33575344,1.1362945,1.1007296,0.5391357
2022-06-18,haber presidente cada país ctm soportar weones populistas boric traen problemas rechazoxchile,0.9514625072479248,0.9514625072479248,0.0406153947114944,0.0079221418127417,13,2,27,0,0.26351082,0.26594642,0.64903754,0.49576485,-0.013975823,-0.4019649,-0.36170793,0.17968689,0.90714896,1.0208535,0.62774026
2022-06-18,presidente boric si quieren conversar trabajadores converse planta dirigentes derecha comprados entrampar salida traspaso plantas codelco,0.7474308013916016,0.1605057716369629,0.7474308013916016,0.0920633971691131,0,0,2,0,0.9549065,0.38664928,1.1488584,0.13955131,-0.08829439,-0.1576321,-0.5781705,-0.49292287,0.9505597,0.29501787,1.0475019
2022-06-18,seguimos boric plan reforzamiento policial logró disminución delictual 9 comunas primer me cerró ventanas costos inmensos beneficios acuerdan imagen quién presidente pantalones izquierda,0.6498091816902161,0.6498091816902161,0.292086124420166,0.0581047050654888,34,11,101,0,0.29242337,0.84766537,1.2410452,0.26423958,0.020228816,-0.2556836,-0.4799211,-0.5165553,0.31937277,0.31125426,0.7626042
2022-06-18,ampliamos presidente gabriel boric confirma cese operaciones ventanas queremos zona sacrificio,0.5704315900802612,0.3272744715213775,0.5704315900802612,0.102293886244297,11,3,71,4,0.37649325,-0.28466898,1.4203107,-0.510174,-0.62545884,-0.5703776,-0.28835878,-0.88430077,1.2860626,0.38252082,0.26937017
2022-08-18,nikola nikodijević upokojava inicijativu dveri za otkazivanje evroponosa europride,0.5901486277580261,0.2420947104692459,0.5901486277580261,0.1677566468715667,50,28,464,42,-0.46578652,0.65237784,0.54567516,-0.1617224,0.47059128,0.33897838,0.09413105,0.61878574,-0.010007685,0.26066023,0.55819094
2022-08-18,encontré colega médico especialistas hablando 3 3 ten diciendo si gana apruebo ten seguro queda cagada país básicamente mismas mentiras vivienda propia boric hace inflación,0.8326779007911682,0.8326779007911682,0.1568034440279007,0.010518629103899,213,34,519,7,0.28743395,0.75170946,0.331917,-0.06778224,0.0029702275,0.0049931915,-0.6170623,-0.2862307,0.47602102,0.6332412,0.8251872
2022-08-18,vistipuntos despues hecho izquierda partiendo presidente inmorales maldito tira piedra esconde mano boric peor presidente historia mundo marcela cordero losmuertosnovotan iquique,0.9285982251167296,0.9285982251167296,0.0626284629106521,0.0087733389809727,22,2,30,0,0.016667733,0.9307505,0.78671485,0.18659939,-0.22449745,-0.42645162,-0.15856984,0.4182815,0.5176827,0.3694672,0.3921197
2022-08-18,misión constitucional cumplida elegido contralor general república ciudadano idóneo acuerdo norma constitucionales vigentesespero última congreso elige contralor mecanismo crearemos tribunal cuentas modelo ocde,0.7138453722000122,0.0476352088153362,0.7138453722000122,0.238519474864006,562,277,1795,41,0.19053352,-0.2073905,1.293255,-0.13659555,-0.61452544,-0.027603254,-0.48082498,-0.072889775,-0.03934699,0.42844838,0.942749
2022-08-18,sinceramente creo boric trastorno mental inhabilita covenientemenete elevaron presidente manipularlo tellier mantienen siches creo,0.6642066240310669,0.6642066240310669,0.3207641243934631,0.0150292506441473,78,17,87,4,0.09416279,0.6444825,0.682702,0.47120968,-0.21071778,-0.23091125,-0.3943459,0.23166192,0.7291829,0.48315474,0.76089954
2022-08-18,boric mocos oro,0.5347615480422974,0.1037670373916626,0.3614713549613952,0.5347615480422974,0,1,2,0,-0.70220554,1.3471272,1.2851785,-0.14542904,1.02711,-0.5204863,0.09543155,0.46744043,0.11328492,1.6800798,-0.39536834
2022-08-18,cagan incompetentes mierda partiendo hdp boric,0.9404294490814208,0.9404294490814208,0.0420011319220066,0.0175694487988948,0,0,0,0,-0.43695346,1.6310459,0.97862196,0.75934786,0.20436282,0.23739374,0.6208382,0.6632454,0.8673773,-0.19579896,0.435764
2022-08-18,chvnoticias presidente gabriel boric inicia mañana gira tren sur plutotv vivo señal youtube,0.6391665935516357,0.1298448890447616,0.6391665935516357,0.2309885323047638,6,4,27,2,0.29554892,-0.04239467,1.4254942,0.28575468,-0.23878929,-0.73569506,-0.7154089,0.11207575,1.43125,0.11737074,0.55333024
2022-08-18,insultar gabriel boric cae gordofobia machismo xd hueones descerebrados,0.946052074432373,0.946052074432373,0.0449543893337249,0.0089935297146439,0,2,10,0,0.058840226,0.6484521,1.2105261,0.2287479,0.4091025,-0.21710666,-0.62566537,-0.07190976,0.34266818,-0.38326487,0.9264669
2022-08-18,potrillosoy borussia dortmund investigado través emisario situación futbolística contractual juan pablo goicochea tras buena copa mitad mundo acercamiento oferta interés materializable futuro,0.7232953906059265,0.0512401051819324,0.7232953906059265,0.2254644483327865,22,18,440,6,0.28572217,1.2435732,0.7719954,0.28998324,0.17032497,0.1816749,-0.037916243,-0.24317321,0.06999228,0.028484905,0.65978795
2022-08-18,perú merece sufriendo viviendo delincuencia armada deja descansar ninguno ciudadanos salido 20 años violencia gobierno generando violencia,0.960268259048462,0.960268259048462,0.032538753002882,0.0071929171681404,108,47,510,5,0.43258622,0.8806481,1.0297526,0.46338895,-0.19165011,-0.17233437,0.28239837,-0.09380174,-0.5923772,0.9652836,0.593074
2022-08-18,ricardo alfonso palma salamanca prófugo justiciahomicida varios senador jaime guzmán 1990 reunido europa gabriel boric diputada maite orsini clandestinidad habilitado votar repudio rechazo,0.534835696220398,0.534835696220398,0.426293283700943,0.0388710238039493,1,0,2,0,-0.41122195,0.87269145,1.0760788,0.11967621,0.0070861457,0.13500357,-0.26664358,-0.096911885,0.6001265,-0.08108572,0.87902224
2022-08-18,franco parisi boric quiere destruir chile,0.8951776623725891,0.8951776623725891,0.0854255929589271,0.0193966459482908,0,0,0,0,0.32674056,0.66900086,1.4558405,0.5117376,-0.3796216,-0.23173918,-0.94841313,-0.22864485,0.5713,0.5839297,0.89085907
2022-08-18,bachelet piñera destrozaron economía chilena boric dando tiro gracia,0.8673645853996277,0.8673645853996277,0.1139586642384529,0.0186768099665641,0,0,0,0,0.336038,0.66457754,1.6604185,0.5623911,-0.20361382,-0.40026227,-0.5279742,-0.32445064,0.7506058,-0.409883,1.0687886
2022-08-18,rodolfo carter boric joven habilita inepto sinfiltros sinfiltrostv marisela republicanos pagoefectivo parisi servelnoesconfiable boricvalecallampa mariana di girolamo pepe auth deyanira uandes testdedrogas carol bown,0.5380610227584839,0.4312874376773834,0.5380610227584839,0.0306515581905841,774,68,1455,21,-0.124067135,0.45794696,0.96923727,0.20467222,-0.38209394,-0.2977478,-0.08956013,0.5912942,0.56074804,0.6616314,0.18592638
2022-08-18,apruebounchilemejor buscamos chile digno construido colectivo permita romper poderosa cadena desigualdad vamos chile mierda,0.4763337075710296,0.4763337075710296,0.3824651539325714,0.1412010937929153,3,0,4,0,0.41146338,0.43651333,0.36330718,0.20712307,-0.4102104,-0.6120346,-0.78602034,0.24651374,0.6281707,1.0000464,0.66686064
2022-08-18,49 aprobación mandatario quedó segundo lugar,0.6500877737998962,0.2889689207077026,0.6500877737998962,0.0609432309865951,7,9,56,0,-0.33934885,0.68206006,1.5756423,0.7700208,0.015758308,-0.5919694,-0.5514391,-0.46209824,0.14747861,0.36688948,0.09113322
2022-08-18,tvn ninguna wea mostrar llevan 1 hora hablando temblorcito 53 tanta importancia quehubiera gabriel boric llegando san felipe verdad credibilidad cadem temblor sismo rancagua marcelo lgos,0.870320737361908,0.870320737361908,0.1149665936827659,0.0147127658128738,0,0,1,0,-0.048883814,0.6787172,0.89908355,0.03988958,0.16067034,-0.3116493,-0.31860968,0.41036084,0.7194421,0.011352592,0.4415774
2022-08-18,kritik anların ve kritik maçların adamı bogdan bogdanovic 30 yaşında,0.519828736782074,0.1838183403015136,0.519828736782074,0.2963529527187347,10,2,206,2,-0.77928454,0.6318748,-0.19133511,0.54792225,-0.0058523417,0.0092026945,-0.6188974,0.058207616,-0.7803844,0.11265125,0.55471426
2022-08-18,variar encuestas plebiscito preguntamos cuál opinión acerca gabinete presidente gabriel boric font encuesta gobiernodechile,0.8180438876152039,0.1202727705240249,0.8180438876152039,0.0616833567619323,54,4,24,2,0.16258164,-0.05034601,1.026795,0.22777891,-0.6236443,-0.52480495,-0.57545614,0.0827968,1.695369,-0.049243644,0.8033782
2022-11-21,caen delincuentes cuello corbata delincuentes quería enfrentar piñera delincuente boric recién acabando fiesta,0.7306774258613586,0.7306774258613586,0.222300574183464,0.0470220111310482,0,0,0,0,0.26586416,0.71436536,0.8990908,0.5400589,0.34310314,-0.149853,-0.40119222,0.21090251,-0.1345758,-0.22081785,0.7529222
2022-11-21,ministra ministro conversamos mujeres huechuraba reforma mejorespensiones registro personascuidadoras buscan disminuir brecha género mejorando pensiones dirigiendo ayudas sociales cuidan,0.5611115097999573,0.0901840776205062,0.5611115097999573,0.34870445728302,431,599,1595,53,0.090361856,0.8426451,0.89095986,0.3517164,-0.17518514,-0.84006953,-0.21121311,-0.46535924,1.1122322,-0.18984844,0.767412
2022-11-21,piensa josé morale plan carta boric postulación fiscal nacional,0.7047334909439087,0.179245114326477,0.7047334909439087,0.1160213872790336,3,2,1,1,0.18446842,0.7932632,1.2979023,0.1113666,-0.4553604,-0.32801503,-0.84093404,-0.7312037,0.3841372,0.065955326,0.49978602
2022-11-21,gobierno boric gobierna sólo santiago sacó mayoría votos resto regiones abandonadas proyectos nuevas líneas metro subsidios transantiago altas cuotas evasión regiones esperen si sobra,0.7571985125541687,0.7571985125541687,0.2227100431919098,0.0200914703309535,25,8,40,1,0.34600276,0.50224197,0.74433297,0.03084363,0.112853006,-0.26996532,-0.6487092,-0.06638573,1.216694,0.060945086,1.3353175
2022-11-21,presidente boric designa josé morale candidato fiscal nacional nombre deberá visado senado,0.6970089077949524,0.1578002721071243,0.6970089077949524,0.1451908349990844,15,4,8,2,0.20606047,0.052521586,1.466109,0.032524314,0.21794634,-0.33742929,-0.3774658,-0.52498883,0.7523185,0.36773014,0.5744567
2022-11-21,braga alejandra castillo creo gobierno gabriel boric feminista,0.7594414353370667,0.1712462306022644,0.7594414353370667,0.0693122595548629,1,0,2,1,0.4567129,0.91420674,1.2818935,0.2912527,0.5306023,-0.24871236,-0.34013322,-0.2091721,0.72577155,0.22992443,0.61860335
2022-11-21,presidente boric encabeza comité político biblioteca municipal huechuraba señal vivo noticiasexpresscnn,0.6029995083808899,0.1369500607252121,0.6029995083808899,0.2600504457950592,56,58,316,11,-0.16151474,-0.016695809,1.4059526,0.25053865,-0.8148918,-0.15585789,-0.34302115,-0.11140118,0.62583005,-0.20399928,0.4994548
2022-11-21,pdte gabriel boric propone josé morale opazo cargo fiscal nacional,0.5757566094398499,0.2665407955646515,0.5757566094398499,0.1577026695013046,2,0,1,0,0.18266356,0.45588478,1.3679571,0.2941498,0.23173419,-0.7518597,-0.810599,-0.41692424,0.44966608,-0.14780958,0.4544459
2022-11-21,michelle bachelet consejera discreta sigiloso arribo expresidenta chile marcado reuniones amistades encuentros reservados importante reunión presidente gabriel boric,0.6597362160682678,0.041868470609188,0.6597362160682678,0.2983953058719635,5,6,4,0,0.08314011,-0.108157344,1.1927992,0.0041363663,0.28569296,-0.22845706,-0.33048865,-0.10471646,1.3711538,0.2161261,0.94012547
2022-11-21,encuesta cadem aprobación presidencial gabriel boric font desapruebo 61 3 apruebo 31 2 cadem boric,0.7793750762939453,0.1319994032382965,0.7793750762939453,0.0886255949735641,117,6,204,5,-0.20550187,-0.17484806,0.88343245,-0.17141001,-0.73161614,-0.15634,-0.658752,0.033818904,1.0337142,-0.59637105,0.8306767
2022-11-21,vivan estudiantes venezuela bonita abrazo muchachos bolivariano revolucionario completo corazón alma quiero muchachos patria juventuduniversitaria 21nov,0.8189870119094849,0.0240969527512788,0.1569160521030426,0.8189870119094849,174,65,76,13,0.07892214,0.23162916,0.4453156,0.11062599,-1.2018254,0.33139253,0.31784716,-0.31850186,0.4443596,0.9985824,1.1711438
2022-11-21,chile atenção presidente gabriel boric ao inves ficar parabenizando criminosos brasil presta atenção ta acontecendo seu país brasil vamos a ruas exemplos luta pela liberdade mundo sosffaa sosforcasarmadas brazil brasilnasruas,0.6446930766105652,0.6446930766105652,0.2221460193395614,0.1331609338521957,1202,36,3678,39,0.46012494,0.05089869,0.46476844,0.09711702,-0.79270905,-0.43972564,-0.39442754,-0.22028702,0.7182873,0.7821194,0.16647245
2022-11-21,boric acid is really that girl one suppository over night boom pussy anew,0.651117205619812,0.651117205619812,0.2952365279197693,0.0536462813615798,0,0,1,0,-0.2721065,0.8702158,-0.2019875,-0.012644539,0.8501233,-0.37522632,-0.3005807,0.08977602,0.34535837,-0.91317254,0.3660589
2022-11-21,encuesta cadem aprobación presidente gabriel boric disminuye 33 31,0.6085394024848938,0.281183123588562,0.6085394024848938,0.11027742177248,4,11,16,1,-0.02777051,0.027061211,1.1024731,-0.062046483,0.022567552,-0.63963616,-1.0330812,0.19390729,0.9200501,-0.83185554,1.1080253
2022-11-21,aprovado câmara municipal aprovou agora pela manhã minha moção protesto atos absurdos do ministro alexandre moraes curitiba toma dianteira combate à tirania do judiciário ditadura nunca mais forum moraes acorda senado,0.7848874926567078,0.7848874926567078,0.1484641432762146,0.0666483864188194,110,26,430,11,-0.030223971,0.11709531,0.7254906,-0.28660798,-0.27411786,0.21237463,-0.37350696,0.04388442,0.42739314,0.25430268,0.17306668
2022-11-21,últimahora presidente rodrigo chaves reconoce equivocó prometer campaña transmitir públicamente sesiones consejo gobierno mandatario ofrece disculpas asegura sesiones discuten temas sensibles país nm935,0.6422345042228699,0.2439151555299759,0.6422345042228699,0.1138503402471542,22,83,256,58,0.2443861,-0.016723623,1.0251689,0.20622872,-0.5020195,-0.6513121,-0.62020075,-0.35994554,0.96599716,0.4351642,0.44141313
2022-11-21,noche emosido largo,0.73836350440979,0.1900059282779693,0.73836350440979,0.07163055986166,10,4,29,1,-0.0439231,1.7464498,0.9380311,-0.42992282,0.8754814,-1.146766,0.5897309,0.63952345,-0.15632616,0.77897125,-0.63154036
2022-11-21,parece boric elegido josé morale fiscal nacional recordemos josé morale salvado piñera pasado fiscalia leo,0.6098381876945496,0.2437061518430709,0.6098381876945496,0.146455630660057,1,5,4,0,-0.37476707,0.6304475,1.6457262,0.5056309,-0.092501335,-0.18375134,-0.39918977,-0.10667143,0.28267914,-0.24837267,0.12257226
2022-11-21,encuesta cadem aprobación presidente gabriel boric disminuye 33 31,0.6085394024848938,0.281183123588562,0.6085394024848938,0.11027742177248,43,39,95,2,-0.02777051,0.027061211,1.1024731,-0.062046483,0.022567552,-0.63963616,-1.0330812,0.19390729,0.9200501,-0.83185554,1.1080253
2022-11-21,birmingham retiró numero 22 años parecía exagerado 19 años anotando mundial joya borussia dortmund,0.5427730679512024,0.5427730679512024,0.3968000710010528,0.0604268424212932,14,5,205,1,-0.45587426,0.48290592,0.4060247,0.60440797,0.24045965,0.17125335,-0.30457005,0.3707233,-0.087849066,0.17201972,0.7808382
2022-11-21,gobierno boric peor gobierno historia paronacional,0.9480915665626526,0.9480915665626526,0.0443705320358276,0.0075377956964075,633,43,998,35,0.08413251,0.4713913,1.7967417,0.28206608,0.117377855,-0.3532816,0.12451774,0.43592533,0.4093646,0.3996643,0.050313633
2022-12-25,pasado resiste morirargumentó letrado oponerse candidatura chantaje intelectualen méxico amlo 69 sustituye nieto 56 chile boric 36 piñera 75 eu vamos clinton 47 biden 79 idea,0.7094287872314453,0.7094287872314453,0.2753877341747284,0.015183444134891,4,3,22,1,0.26875082,-0.055764236,0.758051,-0.06339445,-0.8368872,-0.08850994,-0.36243305,-0.5319973,0.99402815,0.7665264,0.8651887
2022-12-25,nacional presidente gabriel boric acompañó personal médico policial turno noche navidad,0.5390569567680359,0.0753190293908119,0.5390569567680359,0.3856240212917328,0,0,0,0,0.31710905,-0.0377766,1.6127883,0.18868147,0.09992945,-0.5270809,-0.18251458,-0.49652213,0.95878273,-0.22072996,0.9461134
2022-12-25,larga toma minutos leerla buena entrevista presidente boric claudica principios grandes objetivos entiende voluntarismo estrategia conduce nadami confianza integridad inteligencia siguen intactas léanla,0.7117675542831421,0.0386589169502258,0.249573528766632,0.7117675542831421,42,10,208,1,0.54780054,0.30100894,0.93441397,0.6069299,0.081508905,-0.4447831,0.10235843,0.37291193,0.83935255,0.33380178,0.91419137
2022-12-25,renunciaboric alerta boricunpeligroparachile boricencaidalibre temuco boricenpicada urgente boric chile conce ministra salud diablo laja ffaa pnp bomberos podré angelito cristiano ronaldo putin buenaventura giorgio jackson,0.5875275135040283,0.5875275135040283,0.3747657239437103,0.0377067849040031,9,0,15,2,-0.07592875,0.18572813,0.7979061,0.07746554,-0.03388859,-0.034457054,0.040112857,0.3530865,0.19708186,0.39942607,0.48031774
2022-12-25,parecer único tristemente cierto gabriel boric mentiras volteretas querer arreglar cosas enfrentar situaciones creo aparenta hacer hace país sigue sumido desgracia,0.9588196873664856,0.9588196873664856,0.0353844985365867,0.0057957824319601,31,4,28,1,0.30661547,0.35298237,0.4886718,0.31250525,-0.21392597,-0.11565983,-0.5948474,-0.36893857,0.076651044,0.71050304,0.75993156
2022-12-25,gabriel boric gobernar si realizar transformaciones distribución riqueza poder dfmas presidente grande luchando problemas paìs derecha artera deja gobernar,0.4439175724983215,0.311232715845108,0.4439175724983215,0.2448496967554092,3,0,4,0,0.8522635,0.5766682,0.75821483,0.09567956,-0.10969059,-0.9205989,-0.5719482,-0.109728456,0.4261049,0.6342361,1.1406875
2022-12-25,letrista olvide madres pereira reubicada remodelada parada ómnibus pereira rossell,0.7966278791427612,0.1202451661229133,0.7966278791427612,0.083126924932003,51,23,261,5,0.19252323,0.62629783,0.28917268,0.33444005,-0.6829221,-0.27369043,-0.4134011,-0.19554329,0.733667,0.5572844,0.956441
2022-12-25,presidente boric pidió responsabilidad senado tras fallidas nominaciones fiscalía nacional,0.5175535678863525,0.5175535678863525,0.4248679578304291,0.0575783923268318,13,53,94,6,0.04207572,0.20487224,1.3171215,0.4211385,0.13445698,-0.1902283,-0.54191136,-0.43746668,0.65709454,-0.43297285,0.48268905
2022-12-25,enportada entrevista exclusiva presidente analiza primeros 9 meses gobierno repasa errores aciertos dice fracaso plebiscito movimiento telúrico modificó agenda,0.4763868749141693,0.4739625155925751,0.4763868749141693,0.0496506132185459,58,67,221,12,0.13895041,-0.2896105,1.1662698,0.31555647,-0.33365884,-0.43550465,-0.38454062,0.16776349,0.38760304,0.057185724,0.40863347
2022-12-25,habló idioma zombie divertida participación pdte boric 31 minutos moneda,0.651524543762207,0.0762654840946197,0.651524543762207,0.2722099721431732,101,263,1127,40,-0.16668029,-0.4333252,1.0181612,0.017563177,0.14624967,-1.3091851,-0.3308185,-0.76281637,0.6494605,0.9409921,0.7456321
2022-12-25,funó pizza presidente boric,0.5614201426506042,0.5614201426506042,0.4014405906200409,0.0371392592787742,0,0,0,0,-0.15252776,0.79603136,1.9000943,0.12319689,0.19588938,-0.44594738,0.115439996,-0.05791647,0.2992384,-0.19750425,0.17216046
2022-12-25,urgente ultra izquierda boric quemando chiguayante bastó viña mar quieren cerrar 2022 do ciudades devastadas boricenpicada covid_19 cadem presidente agenda 2030 gabriel campillay sepu mega carter,0.8905639052391052,0.8905639052391052,0.0982275679707527,0.0112085780128836,116,2,128,3,0.22394575,0.38869566,0.9948808,0.5981484,-0.68208385,-0.35896593,-0.39003673,-0.09901422,1.1934358,0.058248106,0.6144078
2022-12-25,aprobación presidente boric mantiene estable 30 nivel confianza cae 7pts respecto septiembre llega 34 cadem,0.6535937190055847,0.2175629734992981,0.6535937190055847,0.1288432776927948,149,64,247,19,0.29140744,0.2858828,1.2981141,-0.16397491,-0.4351751,-0.8774394,-1.260613,-0.12266117,0.68791497,-0.30709547,0.73145574
2022-12-25,esencia democracia poderes conversen buscar soluciones conflictos existentes entonces diálogo establecido pdte república pdte corte suprema,0.746841549873352,0.0932588279247284,0.746841549873352,0.1598995923995971,52,247,191,32,0.16010454,-0.07085462,1.1463277,0.3431999,-0.4431297,-0.63241535,-0.6814664,0.10603797,0.33910942,0.87829435,0.96073675
2022-12-25,presidente boric capaz expresar hacia afuera capaz gobernarse mismo puedas gobernar país,0.7072847485542297,0.1482366472482681,0.7072847485542297,0.1444785445928573,188,491,1287,135,0.72653097,-0.0467936,1.0884451,0.12594724,-0.36966667,0.23397796,-0.53747964,-1.0835217,0.404306,0.90217495,1.019325
2022-12-25,cdbr informa bolsonaro nao sozinho,0.4505682587623596,0.291777491569519,0.4505682587623596,0.2576542198657989,138,8,493,4,0.1326043,0.41166323,0.5820544,-0.50987846,-0.5487354,-0.45405728,-0.6521762,0.26219794,0.27529564,0.20560026,0.06917275
2022-12-25,ximena rincón gobierno gabriel boric,0.5825751423835754,0.3054851591587066,0.5825751423835754,0.1119396537542343,8,0,56,0,0.12364657,0.41890758,1.4890379,0.2665827,0.68834466,-0.30011624,-0.7454786,-0.05115222,0.83271515,-0.8086788,0.48934805
2022-12-25,presidente gabriel boric pasó 24dediciembre deseando feliz navidad carabineros funcionarios públicos trabajaron anoche queremos empático humano seguimos,0.4801242053508758,0.1198939606547355,0.4801242053508758,0.399981826543808,37,5,219,0,-0.015823724,0.23733461,1.3939514,0.0677497,0.32377067,-0.25117338,0.056399096,0.10027988,0.16447896,0.28957474,0.63377756
2022-12-25,ministra justicia boric idea bueno acostumbrando pedir perdón haga costumbre andaaaa manga jóvenes iluminados inútiles incompetentes,0.755089282989502,0.755089282989502,0.2167576253414154,0.0281530916690826,31,0,44,1,-0.23325036,1.0301926,0.54646564,0.58308023,0.25127795,-0.022942943,0.22331704,-0.053650912,0.43400538,0.60493064,0.49108994
2022-12-25,presidente boric manos limpias alcaldesa viña maca ripamonti manos limpias alcaldesa santiago irací hassler manos limpias ninguno prontuario derechamiserable lleno delincuentes tupé hablar izquierda,0.6465085744857788,0.6465085744857788,0.2860157191753387,0.0674756988883018,185,21,307,6,0.17546159,0.65475976,0.5403342,0.2434322,0.06226251,-0.4951041,-0.06360587,0.38028875,0.7567875,-0.33208182,0.54078096
2022-12-25,gabriel boric gobernar si realizar transformaciones distribución riqueza poder dfmas,0.6026425957679749,0.1025310978293418,0.6026425957679749,0.294826328754425,57,5,200,1,1.0340747,0.849481,0.77083284,0.48119923,0.18128291,-0.8220895,-0.29687876,-0.30441156,0.52480626,0.65905243,1.0478098
2023-09-01,chvnoticias ex presidente piñera dichos mandatario gabriel boric relación sergio onofre jarpa rn importante aprender democracia tener juicios políticos imputa delitos tema corresponde poder judicial vivo pluto tv yt,0.5741882920265198,0.2468281388282776,0.5741882920265198,0.178983524441719,14,29,19,3,-0.048856683,0.49583223,1.2953504,0.6236354,-0.24270993,-0.621032,-0.57227623,0.3328266,0.63761383,0.14941128,0.446373
2023-09-01,democracia respetasiempre democraciasiempre,0.6175333857536316,0.2190209776163101,0.6175333857536316,0.1634456813335418,5,0,14,0,-0.11427148,0.60651743,0.4578741,-0.029745411,-0.54577553,-0.13630216,-0.10774734,0.46075872,0.66264075,0.23298968,-0.22859953
2023-09-01,vamosadecirqueno maltratoanimal rodeochileno republicanos,0.5018323063850403,0.5018323063850403,0.4684806764125824,0.0296870190650224,2,0,5,0,0.6409134,0.43089968,0.944854,-0.21505184,-0.11002908,-0.6952326,0.45856795,-0.07530842,0.7479879,1.0384927,0.4018274
2023-09-01,pitutocracia gobierno boric dónde quedó promesa campaña pitutos mentira montón,0.8752455711364746,0.8752455711364746,0.1151465475559234,0.0096078980714082,28,3,139,0,0.19592394,0.74721307,1.2855024,0.24490133,0.20360745,-0.42682865,0.11105366,-0.4525709,-0.024369016,0.5465478,0.95345634
2023-09-01,comienza desfile ladrones pro boric quesesepa caso democracia viva cde querella exseremi carlos contreras daniel andrade fraude fisco,0.748262882232666,0.748262882232666,0.2283332198858261,0.0234038941562175,10,0,5,0,-0.07939948,0.7431577,1.0254244,0.52529293,-0.028322784,0.34206384,0.21646023,0.22210135,0.41736922,0.3282441,0.5035621
2023-09-01,mosciatti predijo contraloría confirma corrupción gobierno jordi castell encara boric izquierda representa,0.5852580666542053,0.5852580666542053,0.3429100215435028,0.0718319192528724,69,0,99,1,-0.061870858,0.37128013,1.158172,0.2667308,0.0946522,-0.37156355,-0.35481095,-0.08622686,-0.10586066,0.13146271,0.5353677
2023-09-01,vía teven tremendo apoyo expresidenta michelle bachelet presidente boric,0.6348749399185181,0.0547277629375457,0.3103972971439361,0.6348749399185181,20,3,53,1,0.14351915,-0.13970236,1.0713619,0.032781273,-0.13670853,-0.3989761,-0.36086538,-0.18038948,1.2844896,0.37445885,0.85770047
2023-09-01,presidenta presidente boric quería michelle bachelet elegidosmega mira capítulo completo aquí,0.6287954449653625,0.1602077186107635,0.6287954449653625,0.2109968215227127,236,155,1149,91,0.06448156,-0.524322,1.2302169,-0.06549659,-0.20063314,-1.1594547,-0.8880066,-0.26011628,1.157107,0.46004668,0.8619308
2023-09-01,ministra vallejo comenta palabras presidente boric habló acto cobardía aquellos responsables perpetrar crímenes brutales historia quisieron hacerse responsables entregar informacion enfrentar justicia quesesepa boricestamoscontigo,0.9415873289108276,0.9415873289108276,0.0526816546916961,0.0057310881093144,354,30,1027,10,0.058738805,0.6816142,1.1111016,0.67461693,0.30552068,-0.013631009,0.23819804,-0.04069735,0.46518424,-0.032561313,0.34761918
2023-09-01,deterioro imagen boric rechazo boric alcanza casi 70 resultados encuesta indican índice aprobación presidente chileno gabriel boric alcanzado 28 desaprobación sitúa 67,0.5535939335823059,0.5535939335823059,0.4020901918411255,0.0443159006536006,4,2,16,0,0.2571935,0.31403968,1.3050157,0.08748134,-0.36408296,-0.48953587,-0.8905111,-0.37405244,0.8212771,-0.59622097,1.1445516
2023-09-01,tal falsos políticos pasaste toda secta boric lover,0.8295730948448181,0.8295730948448181,0.1446077078580856,0.0258191861212253,5,1,8,0,-0.12674043,0.7155854,1.0759737,0.44198433,0.23042631,-0.05107095,0.12987404,0.5016736,0.67568576,1.3337845,0.95152605
2023-09-01,sabes gabriel boric plazo limitado,0.6065500378608704,0.6065500378608704,0.3597800433635711,0.0336699970066547,40,4,32,0,-0.48907995,0.8844345,1.4875582,0.3870248,-0.1501909,-0.0828174,0.19547151,0.6568265,0.06509577,-0.0580603,1.2734954
2023-09-01,inhumanas palabras presidente boric concepción julio césar neme republicanos biobío ley usurpaciones democracia viva tellier rechazo jordi castell,0.9229177236557008,0.9229177236557008,0.0684505701065063,0.0086316503584384,33,8,62,2,-0.030942176,0.0058901226,1.2210745,0.22509001,-0.8473775,-0.059179373,-0.29772452,-0.37219006,0.8413936,0.49558637,0.7110143
2023-09-01,reciben estudiantes liceo rural usekla presidente republica rodrigo chaves roble,0.5583508014678955,0.0869633480906486,0.5583508014678955,0.3546858727931976,40,107,312,34,-0.058461096,0.662325,1.4426678,0.29399776,-0.9038801,-0.25315204,-0.20262226,0.0138331335,0.7995186,0.10686639,0.39924306
2023-09-01,gabriel boric font presidente república presente mayor consideración abajo firmantes dirigimos respetuosamente usted manifestamos,0.6960278749465942,0.1933327615261078,0.6960278749465942,0.1106393486261367,10,0,10,0,0.2671889,-0.1907954,0.76288503,0.32550713,-0.2813984,0.16984868,-0.48033333,-0.5230916,1.6920983,0.49028254,0.66174257
2023-09-01,periodista izquierda fernando paulsen manda mierda gabriel boric,0.916336178779602,0.916336178779602,0.0691911801695823,0.0144726205617189,51,6,97,1,0.023172526,0.9208719,0.9479436,0.42636082,0.20569906,-0.37112015,-0.9078817,0.09656584,0.29004282,-0.5295351,0.8791515
2023-09-01,chilenos agotados lengua afuera último límite producto constantes convulsiones presidente boric primero agrede luego cara llama diálogo generar acuerdos tónica tener país irritado crispado polarizado,0.9564048647880554,0.9564048647880554,0.039114911109209,0.0044801943004131,34,5,27,2,0.27047214,0.4748856,0.97217035,0.10014986,-0.5587709,-0.31378698,-0.27706352,-0.36073604,0.22890241,0.14963979,0.91625214
2023-09-01,nunca visto presidente transmita odio divida chilenos falte respeto muertos hecho boric dice hace normal,0.916110634803772,0.916110634803772,0.0752860009670257,0.0086033875122666,1100,541,2357,61,0.46775195,0.4764487,1.0294896,0.14813514,-0.21592492,-0.09959226,-0.19401069,-0.021978378,0.29753533,1.1592906,1.1119162
2023-09-01,vallejo afirma reunión boric piñera firma compromiso 50 años van firmar compromiso ex presidente consideran responsable graf violaciones ddhh quién entiende max colodro,0.5551647543907166,0.5551647543907166,0.3952732682228088,0.049561932682991,7,5,9,0,0.36921453,0.050887253,1.4215673,0.07996038,0.006868158,0.080263,-0.51367635,-0.647544,1.0074065,0.028362434,0.84428567
2023-09-01,estamosahí declaraciones expresidente sebastián piñera tras reunirse presidente gabriel boric conmemoración 50 años golpe espero aquí 11 septiembre contribuyamos unir chilenos dividirlos,0.5166458487510681,0.2858752310276031,0.5166458487510681,0.1974788755178451,0,0,2,1,0.34345528,0.0048568635,1.1796302,0.27143496,0.113643795,-0.34979606,-0.17914551,-0.35618877,1.5368993,0.67474085,0.96923333
2024-06-22,boric quería hacer embalses agua lluvia sistemafrontal,0.6448160409927368,0.3347217440605163,0.6448160409927368,0.0204621758311986,41,3,46,2,0.41142544,0.77520937,0.38741872,-0.26271066,-0.38554233,-0.32918563,-0.29543212,0.03254581,0.7250103,0.29749343,0.54276544
2024-06-22,isso não é erro isso é roubo esse sujeito é um vagabundo ele pendurou um jogador nosso num lance não foi falta vagabundo,0.8068364858627319,0.8068364858627319,0.1252577155828476,0.0679057240486145,57,50,779,8,0.21198489,-0.15121405,0.5150635,-0.0040903166,0.16097824,0.23224813,-0.8009349,-0.14163089,0.13496159,0.13079716,0.2667034
2024-06-22,diputado pide respetar boric respetar alguien respeta mismo transculturización traido creciente decadencia moral pseudoeconomía asimétrica inclina x neoliberalismo ultrista hablar clase política apesta,0.940997838973999,0.940997838973999,0.0542222671210765,0.0047799502499401,0,0,0,0,0.46787977,0.64385897,1.127678,0.2281704,-0.21836497,-0.16842027,-0.12536772,-0.17999195,0.14611244,0.6956816,0.61946064
2024-06-22,boric optado proteger amigo salvaguardar cumplimiento tareas gobierno decisión mantener inepto embajador cargo columna patricio navia amigo presidente boric,0.5611491203308105,0.3708939552307129,0.5611491203308105,0.0679569244384765,335,32,520,3,0.5164565,0.6008402,1.2548045,0.07718985,-0.10282858,-0.122781545,-0.6650067,-0.1790426,0.14545453,-0.43716618,0.44073722
2024-06-22,candidato presidente boric dijo evaluar desempeño embajadores políticos carrera afirmó debía evitar compadrazgo compañerismo amiguismo político destacó chile servicio exterior profesional aquí,0.7180649042129517,0.1476919203996658,0.7180649042129517,0.1342431455850601,815,73,807,62,0.43249798,0.2034558,1.64155,0.05695191,0.09590301,-0.81875783,-0.18323639,-0.38186425,0.49724758,0.66842246,0.7919196
2024-06-22,destituir gabriel boric via,0.521852433681488,0.521852433681488,0.3960963487625122,0.0820511952042579,0,0,0,0,0.4277999,0.036838684,1.5363859,0.41007993,0.27311537,0.017229352,-0.96826094,-0.29883704,0.42131123,-0.4106545,0.11620421
2024-06-22,video hacerlo viral si seguidores régimen ve realidad quiere maduro socios,0.6024897694587708,0.6024897694587708,0.3403142988681793,0.0571959652006626,1495,20,1684,27,0.68933266,-1.1222755,0.6418156,-0.35143042,-0.798766,-0.03568198,-0.6875058,-0.5872377,-0.37269625,1.3488364,0.40265024
2024-06-22,luego foco sacara luz semejante bestialidad presidente electo pronuncia,0.6246674060821533,0.6246674060821533,0.2763687372207641,0.0989638119935989,67,21,212,5,-0.14099701,-0.66457987,0.75525063,0.07536294,-0.6551633,-0.2448319,-0.43508646,-0.078225,0.11664218,0.7330176,0.4076129
2024-06-22,coordinación emergencia gabriel boric lidera respuesta sistema frontal,0.6455459594726562,0.116381861269474,0.6455459594726562,0.2380722016096115,0,0,0,0,0.76364464,0.09653728,1.705062,-0.1742097,0.2083378,-0.6742579,-0.46780652,-0.26541376,0.62815815,-0.803335,0.6933539
2024-06-22,jorge duránle quita toda seriedad cualquier asunto,0.9526464939117432,0.9526464939117432,0.04227926582098,0.0050741620361804,4,0,23,0,0.14375862,1.1577239,0.46708253,0.39804438,0.064127974,-0.02553476,-0.65343785,0.34107155,0.6070203,0.57119405,-0.07639065
2024-06-22,chupafusiles cubanos pc viajaron apoyar genocidio matanza pueblopero chile defensores ddhh escorias asesinasdeben desaparecer jumbo farellones reñaca santa marta diego urrutia chvnoticias paulsen bono descepcionante boric,0.9399006962776184,0.9399006962776184,0.0517173446714878,0.0083820139989256,113,21,147,4,-0.10120312,0.5795144,0.77152586,0.3227978,-0.33374923,-0.30901185,0.13832091,0.67398703,0.9635828,0.11393173,0.5547471
2024-06-22,finde semana largodónde iría giorgio jackson boric,0.5894402265548706,0.3649732768535614,0.5894402265548706,0.0455865412950515,0,0,1,0,0.015876861,0.6141754,1.180052,0.48723018,0.45780572,0.53458697,-0.36156294,-0.027996518,0.5939448,0.25177926,0.7355547
2024-06-22,vida boa consiste em escutar mpb ler bons livros tomar café dormir bem,0.7407237887382507,0.0604949742555618,0.1987812519073486,0.7407237887382507,4229,48,15342,301,0.20255888,-0.20237978,-0.11457861,-0.33911794,0.47043735,-1.1201668,-0.57654965,0.57235795,0.07348283,0.4959948,0.5317902
2024-06-22,gobierno boric gobierno piñera sistemafrontal lluvia boricnoselapuede,0.5003021955490112,0.4072954356670379,0.5003021955490112,0.0924023315310478,259,16,365,2,0.39636183,0.16756311,1.0763359,-0.2504565,-0.60863477,-0.3740667,-0.13000384,0.58068305,0.8736179,0.040725812,0.6497496
2024-06-22,boric preguntaron gira si miedo triunfo kast contexto avance ultraderechas europa síguenos escuches podcasts youtube instagram,0.718980610370636,0.1992978453636169,0.718980610370636,0.0817215740680694,2,0,2,0,0.3577614,-0.2587593,0.74679434,0.20016973,-0.35481483,-0.38594827,-0.8297869,-0.10520326,0.7614458,0.42445245,0.5750172
2024-06-22,alguien entiende escoria llamaba evadir vandalizar metro director metro gobierno lacras accidente alerta roja gonzalo feito farellones mariela vidal copaamérica2024 chile talca,0.710259735584259,0.710259735584259,0.2738513648509979,0.0158889424055814,653,50,638,17,0.6390627,0.27796197,0.9038566,0.22604845,-0.3836075,-0.49515793,-0.27260035,0.3520043,0.82724667,-0.29233262,0.6830473
2024-06-22,derecha lee derecha acuerdan boric presidente,0.6770777702331543,0.1825127452611923,0.6770777702331543,0.1404095292091369,6,1,67,1,0.30127156,0.031457957,0.9809824,0.06460024,-0.29998684,-0.62109923,-1.0479913,-0.3911103,0.96528834,0.07942822,0.77848494
2024-06-22,gabriel boric vergüenza mundial imagen prestigio chile piso vea continuación opina prensa internacional mamarracho,0.9214165806770324,0.9214165806770324,0.0673879608511924,0.0111955041065812,9,1,9,0,0.22845218,0.6224904,1.410616,0.6619864,-0.6018375,-0.19646408,-0.4994067,0.49580008,0.7963333,0.71063364,0.10311885
2024-06-22,gobernador orrego obras conoceréis,0.6273990273475647,0.2075076550245285,0.6273990273475647,0.1650933027267456,3,0,2,0,0.16394717,0.45474952,0.36330912,-0.032542374,0.7473952,-0.528883,-0.5759273,-0.6071971,0.49273416,0.21389796,0.45809937
2024-07-29,apoyan matams tributando milei boric compañia sumarse plan violencia preparada oposición extremista tras derrota primera ocurre mismo modus operandi,0.8154897093772888,0.8154897093772888,0.171136200428009,0.0133740929886698,1633,159,2232,65,0.32158944,0.4989799,1.0556134,-0.040532548,-0.49775237,0.030576475,-0.43207845,-0.45788962,0.87520087,0.54020923,0.9821955
2024-07-29,gabriel boric izquierdista idealista pese compartir idea alguien totalmente respetable coherente resto amantes autoritarismo antidemocracia usa discurso izquierda engatusar tontos lograr meter regimen cuba vnlza,0.8661114573478699,0.8661114573478699,0.1176666840910911,0.0162218566983938,7,4,250,0,0.5915883,0.56131315,0.7627734,0.12678917,-0.50219876,-0.29995233,-0.644923,0.2700345,-0.24957192,0.8318776,0.7270632
2024-07-29,urgente chile mundo piden transparencia presidente chile gabriel boric pide resultados transparentes elecciones venezuela dice chile mundo aceptarían venezuelalibre venezuelavota,0.6436986923217773,0.1672193855047226,0.6436986923217773,0.1890819519758224,55,3,216,0,0.33713645,-0.6977489,0.9503875,0.24394771,-1.0984917,0.13568385,-0.48253992,-0.25129125,0.26067722,0.39423522,0.7650519
2024-07-29,frente fraude maduro abismo silencio cómplice colombia petro posición firme rechazo chile boric dictadores izquierda derecha sátrapas origen camuflaje maduro caerá,0.8319799304008484,0.8319799304008484,0.1422201991081237,0.0257998835295438,39,5,184,1,0.41254318,0.06756919,0.55457956,0.039320134,-0.6379739,-0.26309127,-0.55298334,-0.070412025,-0.12180134,0.09388632,0.80345243
2024-07-29,notable senador oficialista podemos acuerdo frontal directo emplazamiento fiscal nacional ángel valencia percepción transversal valencia dilatando formalización hermosilla quesesepa hermosilla,0.5657597184181213,0.3909905850887298,0.5657597184181213,0.0432497039437294,736,15,1150,15,0.19884455,1.0749003,0.7978936,0.07524836,-0.010545618,-0.10212685,-0.06587841,-0.38814005,-0.1273344,0.078486644,0.5065915
2024-07-29,presidente do chile gabriel boric afirma país não reconhecerá vitória maduro até apuração concluída enquanto não forem entregues toda a atas absteremos reconhecer disse conselho nacional eleitoral,0.4982441663742065,0.4982441663742065,0.3694502115249634,0.1323055773973465,15,1,42,1,0.12196827,0.22905631,1.3129659,-0.12411032,-0.5454673,-0.09547417,-0.75297654,-0.14108723,0.9532873,0.11092485,0.36306745
2024-07-29,gabriel boric exige mais transparência na ele1ções venezuelan sintome moralmente obrigado exigir total transparência nestas ele1ções breakingnews,0.4745581150054931,0.4745581150054931,0.4372522234916687,0.0881896242499351,19,2,30,0,-0.35816914,0.38056254,0.5817723,0.3279015,-0.1884326,-0.1629988,-0.69420975,0.115567215,0.34153265,0.20637009,-0.3437877
2024-07-29,kast plantó duda servel tal punto debate 2da vuelta preguntó específicamente si iba reconocer derrota si boric ganaba obligado decir memoria frágil,0.5462206602096558,0.5462206602096558,0.4354670941829681,0.0183122344315052,0,0,1,0,0.012205707,0.46390662,1.0225059,0.38422367,-0.2704423,-0.33614403,-0.84102315,-0.23491602,1.0790094,0.22806017,0.83369917
2024-07-29,what perfect juxtaposition of post by gabriel boric who love to present himself a pseudoradical but always without fail line up behind usnato demand praise the fascist dictatorship in the united arab emirate a denounces the maduro regime depraved scum,0.8640944957733154,0.8640944957733154,0.0901675000786781,0.0457379147410392,283,20,923,27,-0.39980948,0.8548022,0.39749604,-0.01612724,-0.07357806,0.0839624,-0.28808936,0.5721624,-0.35211417,-0.09714664,0.1083236
2024-07-29,chile emiratos firman histórico acuerdo abre nueva ventana dijo presidente boric cooperativacontigo,0.4833648800849914,0.1063219979405403,0.410313069820404,0.4833648800849914,16,4,253,1,0.3190477,-0.43369067,1.0706148,-0.09129844,-1.0160657,-0.91932106,-0.3308835,-0.40090632,1.1383232,0.7377836,0.5264258
2024-07-29,parece chistoso presidente boric hable régimen venezuela si chile llamó demócrata violador derechos humanos allana comedores populares reprime pacos movilizaciones niñas lleva 2 años araucania militarizada toma detenido opositores leyes represivas aprobado pacta derecha pinochetista persona podría entender alguien tampoco sabe obtuvo firmas ir elecciones presidenciales,0.889778733253479,0.889778733253479,0.0990057066082954,0.0112154968082904,171,64,215,13,0.33275855,0.5661719,1.1915962,0.13119867,-0.5979727,-0.24739738,-0.7997083,-0.07763338,0.01577907,0.33931515,1.1335797
2024-07-29,vergüenza internacional problema formar gobierno partido comunista defensor dictaduras narco gobiernos latinoamericanos compromiso democracia siempre socios mentiroso oportunista queda descubierto,0.9580305218696594,0.9580305218696594,0.0356863625347614,0.0062831146642565,300,5,329,6,0.60780257,0.49238643,1.0033116,0.6628589,-0.41215456,0.18652825,-0.37318096,0.13487133,-0.20261532,0.9294905,0.323701
2024-07-29,dunaenpunto declaración presidente boric tras triunfo maduro preocupa afianzar relaciones esperado reconociera resultados,0.6181231737136841,0.1556961983442306,0.6181231737136841,0.2261805832386016,0,3,0,0,0.41527197,-0.48437107,1.6104892,-0.020138878,-0.21217515,-0.6249396,-0.6425093,-0.7889656,0.7240508,0.70340425,0.2816018
2024-07-29,chile sigue creciendo presidente boric firma acuerdo integral asociación económica emiratos árabes unidos potenciar intercambio bienes servicios diferentes área visitaoficial,0.5384766459465027,0.0414355956017971,0.4200877845287323,0.5384766459465027,129,4,362,4,0.84637684,0.19611567,1.1942592,0.0039453665,-0.3105021,-0.7480249,-0.053218145,-0.20101517,0.9717737,0.5407662,1.1529399
2024-07-29,recuerdo kast discurso cierre primera vuelta dijo textual gabriel boric mala persona malas junta mismas malas junta sacado relucir toda careta antidemocrática bien chile pc debe salir gobierno,0.9035755395889282,0.9035755395889282,0.082223355770111,0.0142011037096381,98,3,126,1,0.38692293,0.40592286,0.8030688,0.3965657,-0.16696073,-0.060536683,-0.30714938,-0.10195398,0.6787763,0.15755476,0.5316757
2024-07-29,izquierda peruana llega dedo meñique pie presidente boric discrepo ideológicamente demostrado demócrata cabalidad,0.5584207773208618,0.5584207773208618,0.4048475623130798,0.0367317125201225,56,12,368,2,0.5307485,0.9485504,1.1291375,0.18281195,0.16122371,-0.6678308,-0.7651328,-0.2385147,-0.022801245,-0.11802299,0.78270566
2024-07-29,lunes defendido victoria descartando denuncias fraude criticaron presidente gabriel boric reconocer resultados,0.516248345375061,0.516248345375061,0.4061411619186401,0.07761050760746,18,5,17,1,0.08065795,-0.056581855,1.8088644,0.11210245,-0.033221334,-0.38549322,-0.5723795,-0.5445276,0.23776448,-0.10370275,0.5667399
2024-07-29,mierdas comunistas sacarlas gobierno perpetuen poder hacen dictaduras comunistas marxistas camila vallejo giorgio jackson karol cariola gabriel boric escorias miserables ultimahora caracas karina oliva,0.9102548956871032,0.9102548956871032,0.0765934437513351,0.0131516382098197,114,16,180,1,-0.14375319,0.794672,0.9124101,0.67480826,-0.102729544,0.04179768,-0.24970052,0.28459892,0.6408315,-0.03943995,1.1767144
2024-07-29,venezuela maduro partido republicano asquerosos,0.8627083897590637,0.8627083897590637,0.1090666055679321,0.0282250065356493,38,5,59,1,-0.21725008,-0.43274075,0.87098074,0.42204842,-0.4528712,0.31088117,0.2839115,0.13961308,0.54078126,1.1515371,1.226078
2024-09-23,sinfiltros_tv boric habla clases privilegiadas distribuir mejor riquezasen chile clases privilegiadas amigo familiares gobierno distribuyó riquezasy habla hacer mundo mejor chile peor momento,0.4746366143226623,0.4746366143226623,0.4484092891216278,0.0769540220499038,85,6,103,5,0.40068018,1.0952908,0.9547019,0.23541303,-0.2123816,-0.82876223,-0.50260484,0.20673048,0.6349683,-0.020011606,0.6955519
2024-09-23,gabriel boric adhirió consultarnos agenda 2045 onu censura rrss regulación ia reconocimiento pueblo indígenas ideología género protección inmigrantes prórroga objetivos agenda 2030 derecha política,0.5411439538002014,0.3694369792938232,0.5411439538002014,0.0894190073013305,867,128,668,40,0.8530381,-0.37790716,1.0681387,0.032098748,0.07886356,-0.47971696,-0.7980695,-0.100661,0.5357312,-0.044590674,0.9445638
2024-09-23,parada militar 2024 davor gjuranovic periodista tvn generó rechazo transversal mencionar pinochet comentaba presencia león sobrino presidente boric palco honor voz sobran daniel stingo claro crítica patético capaz decir pinochet dictador opinas deja comentario paradamilitar2024 davorgjuranovic danielstingo pinochet lavozdelosquesobran,0.8059488534927368,0.8059488534927368,0.1733328551054,0.020718352869153,15,6,60,0,-0.29830754,0.4804314,0.936551,0.13108617,-0.61443925,-0.3482015,-0.57181585,0.10424361,0.6028427,0.26254237,0.70356756
2024-09-23,reuní nueva york presidente palestino mahmoud abbas manifesté posición país reiteramos apoyo irrestricto existencia reconocimiento palestina comunidad internacional solución do hacemos llamado cese fuego inmediato liberación inmediata incondicional rehenes hamas israel cumpla obligaciones bajo convención genocidio latinoamérica gaza mundo chile siempre abogará defensa derechos humanos,0.6365786194801331,0.1805457770824432,0.6365786194801331,0.1828756630420684,2002,1474,11005,254,0.06750952,0.5286019,1.0015695,-0.32446054,-0.23645763,0.4921301,-0.19659103,-0.031999286,0.51249415,0.81643385,0.47016984
2024-09-23,vengo recordar senado falta voto declarar gabriel boric persona incapacidad mental gobernar existe oposición hacer,0.9075184464454652,0.9075184464454652,0.0845527946949005,0.0079287150874733,60,2,94,1,0.44159642,0.6561044,0.9374919,0.6171352,0.7519947,0.049381685,-0.19121741,-0.28534126,0.85851896,0.28948548,0.92476285
2024-09-23,agrava situación marcela cubillos tras reportaje academicos us afirman cubillos nunca clases además aseguran permiso laboral trabajar extranjero existe 17000000 fantasmas sueldo boric,0.768143355846405,0.768143355846405,0.2150111496448516,0.0168454721570014,1347,71,1830,31,0.30640006,1.0161961,1.3986244,0.15659213,-0.18851866,-0.12205064,-0.25229707,-0.45791158,0.80513,-0.25161216,0.56601065
2024-09-23,politica cadem 58 desaprueba forma presidente boric conduciendo gobierno,0.4882163107395172,0.4882163107395172,0.4586015939712524,0.0531820729374885,216,217,763,30,-0.14469682,-0.0028327517,1.7559922,0.035991345,-0.47401214,-0.36525664,-0.23308301,-0.04522222,1.0209126,-0.37054345,0.47484946
2024-09-23,pamela jiles gabriel boric siempre presenta pareja me medio elección,0.6543817520141602,0.1246296092867851,0.6543817520141602,0.2209886014461517,1265,194,2288,43,0.5403408,0.7414463,0.61579734,0.32935795,0.66988164,-0.5066069,-0.9161976,0.17716752,1.3644739,-0.24828947,0.6793014
2024-09-23,extrañan pantalla verdaderos periodistas jorge ortiz capaz decirle verdades frente políticos corruptos rafael correa jorge glas aunque cueste persecuciones mentiras narco ñañon boscan peste,0.7058685421943665,0.7058685421943665,0.249052494764328,0.0450789630413055,543,101,941,9,-0.19811709,1.1516716,0.6416438,0.6186686,0.076495774,0.20512412,-0.064584486,0.3886638,-0.2589665,0.23566252,0.35478795
2024-09-23,muestran medios tradicionales tampoco tema onu presidente chile gabriel boric cúpula hierro acción norte israel hace minutos salvando vida mile civiles israelíes fuente,0.6006107926368713,0.6006107926368713,0.3425126671791076,0.0568765588104724,3,1,3,0,0.3634782,0.8376207,1.3045763,0.27153298,-0.32083273,-0.10218687,-0.26152486,0.054311257,0.69212824,0.20268686,0.54331875
2024-09-23,vote comunismo toda vida violado ddhh pamela diaz gabriel boric miente,0.8571833372116089,0.8571833372116089,0.1200122982263565,0.0228043552488088,2,0,6,0,0.47524202,0.7052061,0.57481843,0.4854736,-0.32882804,-0.35535207,-0.84302366,0.26886904,0.5862735,-0.38688436,1.2336148
2024-09-23,basta niñitos disfrazados boric,0.7866770029067993,0.7866770029067993,0.1788284629583358,0.0344945453107357,1,0,2,0,-0.038614757,0.77853894,0.5027166,-0.038288713,0.26944783,-0.81968015,-0.23732923,0.38888952,-0.43036398,0.38470402,0.7750411
2024-09-23,boric cía izquierda,0.5834817886352539,0.3100258111953735,0.5834817886352539,0.1064923778176307,3,0,2,0,-0.29669982,0.92040926,1.5536188,0.4077758,0.29642338,0.50192755,0.11430073,0.17092746,0.7869218,0.6339715,0.023095874
2024-09-23,declaración pública encuentro presidente gabriel boric mahmoud abbas chile palestina gaza genocidio comunidadpalestina gabrielboric,0.5532755851745605,0.361208826303482,0.5532755851745605,0.0855156034231185,135,6,342,3,0.33787152,0.76140183,1.175751,0.01913438,-0.46143165,-0.059505615,-0.11115288,0.27348858,1.1587515,-0.41314128,0.8180604
2024-09-23,alejandra matus escribio libro negro justicia baso historia real hermano jean pierre matus agenda 2030 hermosilla canal 13 fraude amplio tren aragua región metropolitana boricsacodeweas asamblea general onu boric catalina pérez,0.5231744647026062,0.5231744647026062,0.4217053949832916,0.0551201254129409,23,1,20,0,-0.16904642,0.022448005,0.8787402,0.4106942,-0.25051317,-0.45326403,-0.3078361,0.3476736,0.8738049,0.0449809,0.82633376
2024-09-23,bien hablando presidente boric onu onu debe actualizarse países eeuu deben tener derecho veto casos palestina,0.5451933145523071,0.2128758430480957,0.5451933145523071,0.2419308423995971,54,2,139,1,0.5224165,-0.6509696,1.2733175,0.028186332,-0.6349649,0.27826497,-0.60711366,-0.24155834,0.8085002,0.67829955,1.0052294
2024-09-23,marco unga79 presidente reunió homólogo chile gabriel boric notadeprensa,0.635055422782898,0.2488226294517517,0.635055422782898,0.1161220371723175,7,2,33,0,0.22040503,0.21183488,1.5863228,0.20027103,-0.17213762,-0.42622858,-0.636386,0.03845667,1.3603659,0.7204878,0.3349813
2024-09-23,marcela cubillos 17 millones hacer weá,0.6823121309280396,0.6823121309280396,0.2545629441738128,0.0631249099969863,6,2,10,1,0.24851409,0.833312,0.15490156,0.54053235,0.36070475,-0.08925382,-0.3060506,-0.08047339,0.63659334,-0.5813524,0.87176
2024-09-23,sinfiltros_tv legado gobierno boric,0.5303384065628052,0.3596470057964325,0.5303384065628052,0.1100145801901817,66,4,44,0,0.6455103,0.2357848,1.8732808,0.48963204,0.31307593,-0.78441316,0.106637955,1.0696439,0.3709544,-0.020927286,-0.37355515
2024-09-23,porqué derechita traidora vende patria hace acusación constitucional boric notable abandono deberes ven gobierno comunistas destruyendo país nosestánmatando izquierdamiserable acusacionconstitucionalaboric ruta5 18 xl,0.9551082849502563,0.9551082849502563,0.0400308445096015,0.0048609818331897,567,92,884,19,0.15443802,0.43786708,0.7973529,0.3726345,-0.6344549,-0.2596318,-0.12772897,0.093593225,0.5407635,0.5781919,0.615057
2024-10-20,monsalve golpea gobierno dentro atrás presidente boric cae apoyo sube rechazo cinco puntos cadem,0.7062254548072815,0.7062254548072815,0.2552607953548431,0.0385137796401977,135,5,239,1,0.0466184,0.23334242,0.75680655,-0.037792727,-0.31191182,-0.46256116,-0.9403472,-0.36426836,0.77658594,-0.46605548,1.0278476
2024-10-20,cadem caso monsalve impacta moneda aprobación presidente boric cae 27 5pts ministra tohá 35 11pts datos lugar insightchile plazapublica,0.4891751408576965,0.4891751408576965,0.4520556628704071,0.0587692372500896,390,108,614,31,-0.14886618,0.41556212,0.8246156,0.20877458,-0.1813502,-0.60676366,-0.6786009,0.09678857,0.7145384,-0.29730654,0.59628767
2024-10-20,olviden destrucción chile nombre gabriel boric sector político izquierda pcp convergencia social fa etc cómplices aneuronales vendieron destruyeron vidas dieron voto nefasto comunismo nomásizquierda,0.9277338981628418,0.9277338981628418,0.0637022480368614,0.0085639087483286,4,0,6,0,0.39817634,0.74790114,1.0671853,0.85033715,-0.2516811,-0.533292,-0.0003338402,0.033916567,0.58536696,0.18716109,1.073017
2024-10-20,alberto mayol izquierda embargo piedad gobierno columna incluso dio entender si cumplen ciertos requisitos perfectamente posible acusación constitucional gabriel boric,0.5784415006637573,0.3560408353805542,0.5784415006637573,0.065517671406269,16,4,29,1,0.09564572,-0.038826607,1.2767178,0.15933959,-0.019276816,-0.12912987,-0.73419404,-0.044302672,0.40060648,-0.09080272,1.085869
2024-10-20,entrevistasdetele13 presidente república gabriel boric fin amarillo menos necesitamos país amarillo,0.583008348941803,0.3403360843658447,0.583008348941803,0.0766555219888687,5,1,16,0,0.046002243,0.0017899945,0.99836725,0.20644909,0.16173136,-0.3914193,-0.17722663,-0.16161183,0.99465144,0.76447564,0.6348255
2024-10-20,macaya hijo pelotudo cuesta menos entenderlo boric primero defendiendo padre boric defendiendo quién anduvo defendiendo,0.8834336400032043,0.8834336400032043,0.1037949994206428,0.0127713987603783,29,6,51,0,-0.33946675,1.0628507,0.9852746,0.2405395,0.13059369,0.25461125,-0.17141435,0.06061433,0.11568837,-0.68877155,0.6680692
2024-10-20,abuso poder pasa diputados varios dicen abuso gobierno corrupto bóric multar partes abusivos único movimiento sector protesta calles infringir ley lucran hoteles partes van 3000000 ruidos molestos medición decibeles horario diurno primera línea pensiones gracia aplausos congreso partes arbitrarios impuso criterio unilateral teampatriota derecha aprenderá valorar huevos zorrones cobardes nuloenlasmunicipales,0.9393075108528136,0.9393075108528136,0.0553500801324844,0.0053423950448632,82,13,83,3,0.14653397,0.5469413,0.8297405,0.1265045,-0.099320725,0.110677354,-0.10164803,-0.13118494,0.2874401,0.33245963,0.68175125
2024-10-20,gabriel boric decía chile ir rápido cuándo chile rechazó constitución mismo gran pensador dice punto prensa mesacentral ciper cadem amigayotecreo lastesis,0.6771137118339539,0.6771137118339539,0.2965443730354309,0.0263419188559055,258,9,334,3,-0.22750418,0.36936522,0.35611156,0.31795233,-0.72015727,-0.4691017,-0.5113047,0.013356465,0.5750717,0.51621825,0.5387148
2024-10-20,mundo corre veloz cuesta detenernos entender frente persona dolores esperanzas sufrimientos desafíos si anduvieramos poquito lento miráramos ojos podríamos mejor sociedad presidente boric tvn miramealosojos,0.7036740183830261,0.7036740183830261,0.2649100422859192,0.031415905803442,440,78,1398,6,0.33121875,0.029100714,0.4804244,-0.014816877,-0.3201272,0.034509253,0.14594266,-0.28041568,0.08739507,0.83424246,0.55228776
2024-10-20,video exclusivo abogado juan pablo hermosilla 10 minutos explica desperdicio grave peligroso caso violación manuel monsalve podría hacer caer ministros jefaturas dejar tambaleando gabriel boric mayor escándalo historia moneda monsalve boric toha hermosilla chile violacion,0.820340633392334,0.820340633392334,0.1586719304323196,0.0209874585270881,2978,365,4681,149,0.17424846,0.84198433,0.82729626,0.29471415,-0.016961986,-0.12732315,-0.41003513,-0.35996962,0.2567527,-0.40255395,0.4705859
2024-10-20,tapujos diputado criticó declaraciones hipócritas derecha recordando caso macaya mirando techo actual alcalde san nicolás enfrenta querella abuso sexual sigue siendo militante rn monsalve macaya,0.7425118684768677,0.7425118684768677,0.2279847860336303,0.0295033138245344,1231,42,2665,11,-0.16880594,1.3134636,0.8128831,0.092046045,-0.058478493,-0.13392329,-0.23564924,-0.27579978,-0.07028013,-0.3813243,0.5508185
2024-10-20,diego ibáñez puso lapida gobierno feminista justificar gabriel boric maltrate jefa prensa chile qepd gobierno feminista,0.9436440467834472,0.9436440467834472,0.0497817881405353,0.0065741157159209,141,9,168,3,-0.14297117,0.74893403,1.4130807,0.42455614,0.13295244,-0.046732448,-0.8106366,0.28089148,0.62360185,-0.105412796,0.798352
2024-10-20,presidente boric grandes errores respecto relación iglesia supuesta comisión crearía sacarse fotos chomalí moneda traición obstante confundo segundo defender voto boric kast hagan memoria,0.7127107381820679,0.7127107381820679,0.2658506333827972,0.0214386545121669,134,0,791,7,0.4797794,0.66676116,0.90152794,0.23286265,-0.13015133,-0.17879981,-0.3022185,-0.18906882,1.0187445,-0.0669655,0.88685834
2024-10-20,juan manuel astorga presidente gabriel boric cometió error fatal monsalve revisó camaras si sabía denuncia miera jaja,0.7380212545394897,0.7380212545394897,0.2432488203048706,0.0187299437820911,2365,56,4203,35,-0.28256413,0.843665,0.38259637,0.39970204,0.15941836,0.05026462,-0.47964746,-0.17553851,0.22888517,-0.1815633,0.7633153
2024-10-20,estupor vio experto comunicación política gonzalocordero rueda prensa p gabriel boric intentó explicar cronología salida manuel monsalve subsecretaría interior luego recibiera denuncia violación,0.6207029223442078,0.6207029223442078,0.360779732465744,0.018517430871725,3,0,0,0,0.011817176,0.90194035,1.1764702,0.23885281,0.13058108,-0.36984456,-0.2389232,-0.5423468,0.4371106,-0.44122556,0.7841491
2024-10-20,quiere figurar bajísimo repulsivo diputadas frente amplio arremeten raúl soto críticas presidente boric,0.9241793751716614,0.9241793751716614,0.0671653002500534,0.0086552910506725,25,39,104,5,0.03629873,0.4849881,1.0037811,0.09124084,-0.11325303,-0.32532164,-0.6052856,-0.56320244,0.7458319,0.17787856,0.20580603
2024-10-20,falta consecuencia alarmante sinvergüenza enrique bassaletti lanza dura críticas presidente declaraciones recordándole ac levantó diputado califica dichos verdadero descaro sinfiltros sinfiltrostv,0.9476749300956726,0.9476749300956726,0.0437000393867492,0.0086250780150294,212,10,407,1,-0.11339171,0.2514382,0.9831685,0.18100405,-0.02261404,-0.01205381,0.06896713,0.0581239,0.61558306,0.41057822,0.04232515
2024-10-20,rector udp carlos peña repasa actualidad pasado juicio tras cinco años estallido social refiere extraña conferencia prensa presidente gabriel boric,0.5813950300216675,0.3089111447334289,0.5813950300216675,0.1096938624978065,40,4,55,1,0.2110142,0.41989848,1.6781396,0.39963233,-0.1633368,-0.29059252,-0.51945305,-0.20386831,0.7972439,-0.24102052,0.5858974
2024-10-20,boric dejó monsalve cargo pesar conocer denuncia violación darle tiempo viajar curanilahue avión fach convencer padre víctima desistir demanda gravísimo boric debe destituido mitómano irresponsable,0.8066217303276062,0.8066217303276062,0.174576923251152,0.0188013892620801,1322,58,2481,27,-0.10773011,0.06950173,0.7288773,0.05796302,0.10419868,-0.10978045,-0.3766371,-0.8254302,0.83639973,-0.12290635,0.74592936
2024-10-20,cadem incluye conferencia prensa boric viernes foto real peor gráfico viene noche izquierda próximo sábado hermoso,0.776768684387207,0.1623739004135131,0.776768684387207,0.0608573332428932,272,8,645,5,0.6157208,-0.36101624,1.1697868,-0.4266193,-0.53208864,-0.1547306,-0.7483973,-0.15261756,0.7997462,-0.17917436,0.44731736
2024-10-20,aprende boric aprendan políticos corruptos globalistas aprendan fiscales abogados jueces existe sename utilizan niños adolescentes grande presidente salvador chile vuelva servicio militar obligatorio,0.5908493995666504,0.5908493995666504,0.3084595203399658,0.1006911173462867,7,0,9,1,-0.18051383,0.31479067,1.5451242,0.61605716,-0.11456774,-1.1773707,-0.05677542,0.26717603,0.2969638,0.7124309,0.8966098
