date,prediccion_aprobacion,prediccion_desaprobacion,indice_negatividad,tweets_negativos,tweets_neutros,tweets_positivos,total_tweets,porcentaje_tweets_negativos
2022-04-03,0.44199234,0.40479216,0.2976953243570668,5,15,1,21,0.23809523809523808
2022-04-04,0.4366494,0.42494094,0.3130458440435559,7,10,2,19,0.3684210526315789
2022-04-05,0.43279967,0.44388378,0.3878240267347012,9,7,5,21,0.42857142857142855
2022-04-06,0.43561447,0.4395189,0.3173811551183462,6,9,5,20,0.3
2022-04-07,0.4351044,0.43269718,0.5266772803096544,12,8,1,21,0.5714285714285714
2022-04-08,0.42972633,0.44902676,0.525733844563365,12,7,1,20,0.6
2022-04-09,0.43771738,0.44030514,0.2975054466062122,4,13,1,18,0.2222222222222222
2022-04-10,0.4372133,0.44242385,0.4421276928562867,8,10,1,19,0.42105263157894735
2022-04-11,0.4202798,0.45053935,0.4676487243601254,9,11,1,21,0.42857142857142855
2022-04-12,0.40114835,0.46742162,0.5499010808943283,14,5,2,21,0.6666666666666666
2022-04-13,0.4047403,0.4690048,0.4986432634648822,11,10,0,21,0.5238095238095238
2022-04-14,0.40074423,0.4627304,0.4151624660938978,9,11,0,20,0.45
2022-04-15,0.40466794,0.4718697,0.5795712653133605,11,7,0,18,0.6111111111111112
2022-04-16,0.39618114,0.49788603,0.4150351892624582,9,11,1,21,0.42857142857142855
2022-04-17,0.3943689,0.5026521,0.5283315503283551,12,5,2,19,0.631578947368421
2022-04-18,0.35578364,0.5330289,0.4801957075084959,12,8,1,21,0.5714285714285714
2022-04-19,0.35620588,0.5287983,0.449343911698088,9,9,2,20,0.45
2022-04-20,0.35375246,0.5322211,0.4043960754005682,9,11,1,21,0.42857142857142855
2022-04-21,0.35727638,0.5297608,0.5133475719818047,13,8,0,21,0.6190476190476191
2022-04-22,0.35942373,0.5334477,0.3616907180597384,7,10,4,21,0.3333333333333333
2022-04-23,0.35312662,0.53813213,0.4197010879537889,11,8,2,21,0.5238095238095238
2022-04-24,0.3523663,0.54486233,0.4603908681077883,10,9,1,20,0.5
2022-04-25,0.35475895,0.53632665,0.4748597087240533,8,9,2,19,0.42105263157894735
2022-04-26,0.3523692,0.5344312,0.6010532655886242,13,7,1,21,0.6190476190476191
2022-04-27,0.34985146,0.5376275,0.4484678199958233,10,8,3,21,0.47619047619047616
2022-04-28,0.3522488,0.5313753,0.4649792908151683,11,5,3,19,0.5789473684210527
2022-04-29,0.3541946,0.5380306,0.3680608708943639,7,11,3,21,0.3333333333333333
2022-04-30,0.3486404,0.52595776,0.384768204158172,7,10,3,20,0.35
2022-05-01,0.34411514,0.5358878,0.5505978895262593,15,4,2,21,0.7142857142857143
2022-05-02,0.36611098,0.5381,0.6673144467175007,16,4,0,20,0.8
2022-05-03,0.37177286,0.536268,0.5050196090624446,11,10,0,21,0.5238095238095238
2022-05-04,0.38025934,0.53622514,0.4335647587265287,10,9,2,21,0.47619047619047616
2022-05-05,0.37659287,0.5289757,0.4626214191140163,9,11,1,21,0.42857142857142855
2022-05-06,0.3781595,0.53477824,0.4864343018049285,12,8,1,21,0.5714285714285714
2022-05-07,0.38304105,0.5399047,0.5085314551368356,10,7,3,20,0.5
2022-05-08,0.38425145,0.5342773,0.3830198931850885,6,10,3,19,0.3157894736842105
2022-05-09,0.38408586,0.518029,0.4693319607526064,11,9,0,20,0.55
2022-05-10,0.39061153,0.5076806,0.3719394331013685,5,12,2,19,0.2631578947368421
2022-05-11,0.38317248,0.52876747,0.381338669732213,6,12,2,20,0.3
2022-05-12,0.38814858,0.53175855,0.6471975853755361,16,4,1,21,0.7619047619047619
2022-05-13,0.39064667,0.5216163,0.6158554906025528,15,4,1,20,0.75
2022-05-14,0.38312304,0.5284913,0.5873194089625031,14,5,1,20,0.7
2022-05-15,0.39117372,0.506509,0.5437010399997234,13,7,0,20,0.65
2022-05-16,0.3796539,0.5138941,0.4201793259009719,7,12,1,20,0.35
2022-05-17,0.37860864,0.5188585,0.3920293512443701,8,12,1,21,0.38095238095238093
2022-05-18,0.37856734,0.51429635,0.4698100210655303,10,10,1,21,0.47619047619047616
2022-05-19,0.37644985,0.5193046,0.3536097085103392,6,12,2,20,0.3
2022-05-20,0.3755387,0.502629,0.5704516569329869,14,4,3,21,0.6666666666666666
2022-05-21,0.37778005,0.5054225,0.4128476972913458,10,8,3,21,0.47619047619047616
2022-05-22,0.38003445,0.5129027,0.4449889553444726,11,9,1,21,0.5238095238095238
2022-05-23,0.353964,0.5207289,0.2839197457014095,4,14,3,21,0.19047619047619047
2022-05-24,0.36228475,0.545021,0.3824787528387138,8,11,2,21,0.38095238095238093
2022-05-25,0.35665056,0.5472594,0.5255369173460885,9,9,1,19,0.47368421052631576
2022-05-26,0.3581231,0.5342057,0.3082808620296418,5,14,1,20,0.25
2022-05-27,0.35396752,0.55750316,0.3658090970037799,9,7,3,19,0.47368421052631576
2022-05-28,0.3532344,0.56059545,0.3674514045938849,8,9,3,20,0.4
2022-05-29,0.35292315,0.5651487,0.4014746379107237,10,9,2,21,0.47619047619047616
2022-05-30,0.40171394,0.53292805,0.4695712436456233,11,8,1,20,0.55
2022-05-31,0.4186315,0.524472,0.3299727423027866,6,15,0,21,0.2857142857142857
2022-06-01,0.4403214,0.52139044,0.3106391980312765,6,12,2,20,0.3
2022-06-02,0.4337113,0.4985964,0.2737120874226093,5,14,2,21,0.23809523809523808
2022-06-03,0.43782717,0.5014256,0.2420312976908115,2,16,3,21,0.09523809523809523
2022-06-04,0.43656608,0.49381608,0.3684482745648849,8,11,2,21,0.38095238095238093
2022-06-05,0.43493485,0.47171524,0.3837286368012428,8,11,1,20,0.4
2022-06-06,0.44375417,0.4706677,0.276678575735007,6,12,3,21,0.2857142857142857
2022-06-07,0.44090986,0.47742632,0.3768266042694449,7,11,2,20,0.35
2022-06-08,0.43661192,0.47686303,0.3699785996051061,6,12,3,21,0.2857142857142857
2022-06-09,0.43415305,0.5004267,0.3234269282824936,7,12,2,21,0.3333333333333333
2022-06-10,0.43670797,0.47485074,0.3763117076363415,7,10,3,20,0.35
2022-06-11,0.4345848,0.49360996,0.5058695477874655,11,8,0,19,0.5789473684210527
2022-06-12,0.43575627,0.50116026,0.3992194105826673,9,11,1,21,0.42857142857142855
2022-06-13,0.4148687,0.518478,0.4918062447570264,10,8,2,20,0.5
2022-06-14,0.40098205,0.52665997,0.4075657019391656,8,12,0,20,0.4
2022-06-15,0.40193978,0.52648085,0.3198012155725767,7,9,3,19,0.3684210526315789
2022-06-16,0.3983945,0.5424666,0.4958540979772806,8,12,0,20,0.4
2022-06-17,0.39989397,0.538078,0.303392140283471,5,16,0,21,0.23809523809523808
2022-06-18,0.39890414,0.5296099,0.513235234116253,10,9,0,19,0.5263157894736842
2022-06-19,0.39712825,0.5472501,0.2453833231702446,4,10,6,20,0.2
2022-06-20,0.34313473,0.5555783,0.3830888163494436,5,14,0,19,0.2631578947368421
2022-06-21,0.3454665,0.55994797,0.3320346031160581,6,15,0,21,0.2857142857142857
2022-06-22,0.34841308,0.55554205,0.4823645513504743,10,9,1,20,0.5
2022-06-23,0.34734058,0.5725325,0.3224889845069911,6,6,6,18,0.3333333333333333
2022-06-24,0.34514806,0.566799,0.3645575704984367,7,10,3,20,0.35
2022-06-25,0.34504473,0.5761704,0.3761962946308286,8,11,0,19,0.42105263157894735
2022-06-26,0.3388893,0.5867815,0.4884582530511053,11,7,1,19,0.5789473684210527
2022-06-27,0.33438846,0.5938525,0.7034670362869898,19,1,1,21,0.9047619047619048
2022-06-28,0.33443373,0.58958334,0.2551275018070424,4,17,0,21,0.19047619047619047
2022-06-29,0.33507824,0.60003966,0.2766933195470344,6,9,6,21,0.2857142857142857
2022-06-30,0.33183646,0.60420114,0.4596028785620417,11,10,0,21,0.5238095238095238
2022-07-01,0.33345512,0.61451936,0.3675718140952727,5,10,2,17,0.29411764705882354
2022-07-02,0.33435932,0.6204249,0.3264627846490059,6,11,4,21,0.2857142857142857
2022-07-03,0.33167925,0.6263952,0.3005055503121444,6,13,2,21,0.2857142857142857
2022-07-04,0.35012972,0.6212029,0.2696832218872649,5,16,0,21,0.23809523809523808
2022-07-05,0.3512426,0.6065304,0.4128554124385118,8,12,0,20,0.4
2022-07-06,0.35443696,0.605794,0.3130487421793597,7,10,4,21,0.3333333333333333
2022-07-07,0.35775885,0.59511983,0.3152824046678449,4,13,2,19,0.21052631578947367
2022-07-08,0.35630044,0.6011918,0.2912623944692313,4,13,3,20,0.2
2022-07-09,0.35881752,0.5897336,0.5333637444204405,12,6,1,19,0.631578947368421
2022-07-10,0.36238372,0.5778631,0.4646027958706805,10,8,1,19,0.5263157894736842
2022-07-11,0.380325,0.5782551,0.3823888476006686,5,14,1,20,0.25
2022-07-12,0.37432584,0.5882449,0.4681394923919518,10,7,2,19,0.5263157894736842
2022-07-13,0.37363848,0.5849767,0.3794864331813234,8,9,2,19,0.42105263157894735
2022-07-14,0.3815164,0.5777778,0.3626378106751612,7,12,2,21,0.3333333333333333
2022-07-15,0.38139948,0.5781162,0.4057093516923487,8,11,1,20,0.4
2022-07-16,0.37983793,0.5816274,0.5497238418087363,12,7,1,20,0.6
2022-07-17,0.3822561,0.5832511,0.4007785980190549,7,14,0,21,0.3333333333333333
2022-07-18,0.39711437,0.57177716,0.3482178756523699,7,14,0,21,0.3333333333333333
2022-07-19,0.3983109,0.57594293,0.3824888761377051,7,11,3,21,0.3333333333333333
2022-07-20,0.4002596,0.57064337,0.2890304123007115,5,15,1,21,0.23809523809523808
2022-07-21,0.3997203,0.56913537,0.4317969568960723,9,8,4,21,0.42857142857142855
2022-07-22,0.40090698,0.5616862,0.4131705848322737,8,8,5,21,0.38095238095238093
2022-07-23,0.40035436,0.55681527,0.5833793406685194,13,7,1,21,0.6190476190476191
2022-07-24,0.397198,0.55482256,0.5864766575396061,12,7,1,20,0.6
2022-07-25,0.37182394,0.55740106,0.4006305687913769,7,11,1,19,0.3684210526315789
2022-07-26,0.36940178,0.5609411,0.3869786379858851,5,15,0,20,0.25
2022-07-27,0.37129658,0.5502406,0.3431914794657911,6,13,2,21,0.2857142857142857
2022-07-28,0.3715726,0.55830085,0.3645327321830249,8,10,3,21,0.38095238095238093
2022-07-29,0.3681384,0.56446826,0.4233565299306064,7,9,4,20,0.35
2022-07-30,0.3695621,0.5593324,0.5451891999691725,11,9,0,20,0.55
2022-07-31,0.36409804,0.56433535,0.5596217305252427,10,9,0,19,0.5263157894736842
2022-08-01,0.3482963,0.5663324,0.3896980103105306,7,13,0,20,0.35
2022-08-02,0.34752926,0.5640708,0.5163779503812915,11,7,1,19,0.5789473684210527
2022-08-03,0.34938058,0.5599203,0.4718220129609108,9,11,0,20,0.45
2022-08-04,0.34941006,0.56774336,0.4690646106998126,7,11,0,18,0.3888888888888889
2022-08-05,0.35124573,0.55607283,0.3456615731120109,8,10,3,21,0.38095238095238093
2022-08-06,0.34410992,0.563328,0.3640211233425708,7,13,1,21,0.3333333333333333
2022-08-07,0.34753376,0.55025566,0.3230237259529531,7,11,2,20,0.35
2022-08-08,0.36860773,0.562965,0.2379062294605232,5,11,5,21,0.23809523809523808
2022-08-09,0.3763127,0.5543309,0.3051226605173377,7,11,3,21,0.3333333333333333
2022-08-10,0.3807783,0.5631164,0.3705852773217927,7,12,2,21,0.3333333333333333
2022-08-11,0.37642434,0.5634098,0.6218905668883097,15,5,1,21,0.7142857142857143
2022-08-12,0.37961575,0.55408114,0.359367561712861,7,11,2,20,0.35
2022-08-13,0.37885076,0.5634205,0.574002580344677,14,4,2,20,0.7
2022-08-14,0.38246807,0.5605268,0.4118640554980153,9,11,1,21,0.42857142857142855
2022-08-15,0.37257496,0.56086886,0.4831101291812956,7,13,0,20,0.35
2022-08-16,0.37060326,0.56547517,0.4080010725087241,8,10,1,19,0.42105263157894735
2022-08-17,0.37115592,0.5583726,0.2929702310098541,5,11,2,18,0.2777777777777778
2022-08-18,0.3625243,0.5710901,0.5257597170770169,11,8,1,20,0.55
2022-08-19,0.37012213,0.53511107,0.2413120660930871,4,13,4,21,0.19047619047619047
2022-08-20,0.37233064,0.54636985,0.2770884111057967,3,13,4,20,0.15
2022-08-21,0.36871192,0.56375134,0.3428623748144933,6,11,4,21,0.2857142857142857
2022-08-22,0.38172194,0.55820465,0.3726359607651829,7,12,1,20,0.35
2022-08-23,0.38442883,0.5597642,0.3664904260741812,8,13,0,21,0.38095238095238093
2022-08-24,0.37859645,0.5635416,0.4247045418198563,7,10,2,19,0.3684210526315789
2022-08-25,0.38065267,0.5635627,0.4819274218309493,12,8,1,21,0.5714285714285714
2022-08-26,0.39350116,0.56198764,0.4027573388247263,9,11,1,21,0.42857142857142855
2022-08-27,0.3922502,0.56880707,0.3916618410497904,6,11,3,20,0.3
2022-08-28,0.39526233,0.5674641,0.4145431024218468,8,10,1,19,0.42105263157894735
2022-08-29,0.37789792,0.56515163,0.6033724943796793,16,5,0,21,0.7619047619047619
2022-08-30,0.37572408,0.56530845,0.3979087360203266,6,12,2,20,0.3
2022-08-31,0.3691965,0.56178254,0.5398431093664839,12,7,1,20,0.6
2022-09-01,0.37224314,0.5498502,0.5035952171532526,13,5,3,21,0.6190476190476191
2022-09-02,0.37915656,0.55305356,0.3897936068475246,9,9,2,20,0.45
2022-09-03,0.38328978,0.5483858,0.4195553216721034,7,9,2,18,0.3888888888888889
2022-09-04,0.38233283,0.54671365,0.2775693722956237,5,14,2,21,0.23809523809523808
2022-09-05,0.34990785,0.56642216,0.4665965220890939,10,9,1,20,0.5
2022-09-06,0.34058714,0.57592374,0.4540229900961831,9,11,1,21,0.42857142857142855
2022-09-07,0.33711767,0.56512326,0.3335707420926718,5,15,1,21,0.23809523809523808
2022-09-08,0.3361081,0.57757425,0.4087913193200764,9,10,0,19,0.47368421052631576
2022-09-09,0.33642337,0.589563,0.387509848922491,8,7,5,20,0.4
2022-09-10,0.3364085,0.60013086,0.5635153438363757,15,6,0,21,0.7142857142857143
2022-09-11,0.33124703,0.5912683,0.417021556535647,9,11,1,21,0.42857142857142855
2022-09-12,0.36756635,0.59783965,0.4668897386444242,10,7,2,19,0.5263157894736842
2022-09-13,0.36605674,0.59168047,0.3373983371115866,4,17,0,21,0.19047619047619047
2022-09-14,0.37760738,0.5919463,0.4624726254492998,9,11,0,20,0.45
2022-09-15,0.37981892,0.58249825,0.5298510123044252,12,7,1,20,0.6
2022-09-16,0.37993506,0.5844289,0.5190202169829891,11,7,3,21,0.5238095238095238
2022-09-17,0.380344,0.5788103,0.4304389102118356,9,7,5,21,0.42857142857142855
2022-09-18,0.387818,0.56797355,0.3535604767856143,9,8,4,21,0.42857142857142855
2022-09-19,0.377539,0.5695524,0.4431556677889256,11,7,3,21,0.5238095238095238
2022-09-20,0.38603657,0.5628167,0.4932281877402039,12,5,4,21,0.5714285714285714
2022-09-21,0.3878626,0.5610865,0.4764213776659398,10,10,1,21,0.47619047619047616
2022-09-22,0.3865712,0.5646155,0.3957318556495011,7,11,2,20,0.35
2022-09-23,0.3854599,0.5644044,0.3685781515203415,9,9,2,20,0.45
2022-09-24,0.38501596,0.56205255,0.5063968574628234,10,9,1,20,0.5
2022-09-25,0.3867735,0.5665146,0.5440134651781547,12,9,0,21,0.5714285714285714
2022-09-26,0.3623729,0.5651993,0.4260498737650258,10,8,3,21,0.47619047619047616
2022-09-27,0.36536273,0.57107484,0.3412182945758104,6,14,1,21,0.2857142857142857
2022-09-28,0.36136267,0.5677017,0.3523915668949484,6,12,2,20,0.3
2022-09-29,0.3619151,0.5686975,0.3321092851637375,8,12,1,21,0.38095238095238093
2022-09-30,0.35929394,0.5682058,0.5150008811837151,12,8,1,21,0.5714285714285714
2022-10-01,0.34772864,0.58175147,0.4139067594050651,9,9,3,21,0.42857142857142855
2022-10-02,0.35173365,0.5777403,0.3771470842350806,8,9,4,21,0.38095238095238093
2022-10-03,0.3407857,0.5830384,0.4688083951671918,11,8,2,21,0.5238095238095238
2022-10-04,0.33497956,0.5932479,0.4055719422619967,7,12,2,21,0.3333333333333333
2022-10-05,0.32883093,0.5958837,0.4640207400545478,11,8,1,20,0.55
2022-10-06,0.3292453,0.5936802,0.3544235793873667,5,15,0,20,0.25
2022-10-07,0.32587168,0.5959074,0.3784934708050319,7,14,0,21,0.3333333333333333
2022-10-08,0.3260881,0.5971246,0.3394286461174488,7,9,4,20,0.35
2022-10-09,0.32440692,0.6080347,0.3752518057823181,7,12,1,20,0.35
2022-10-10,0.29906127,0.6147427,0.4882239057194619,11,9,1,21,0.5238095238095238
2022-10-11,0.2904741,0.6161527,0.4488797349389642,8,10,2,20,0.4
2022-10-12,0.28788662,0.6265956,0.413011124801068,8,12,1,21,0.38095238095238093
2022-10-13,0.28536725,0.6310758,0.531051700313886,10,10,1,21,0.47619047619047616
2022-10-14,0.27798003,0.63879865,0.4614132906177214,11,7,3,21,0.5238095238095238
2022-10-15,0.27235222,0.6482208,0.5361014978960157,12,7,1,20,0.6
2022-10-16,0.26871645,0.6465629,0.5092060942025411,10,10,1,21,0.47619047619047616
2022-10-17,0.2660377,0.6541855,0.5613468928262592,14,5,1,20,0.7
2022-10-18,0.26368895,0.64876384,0.5549430215731264,13,5,2,20,0.65
2022-10-19,0.25858027,0.65515995,0.4146343109835135,10,7,2,19,0.5263157894736842
2022-10-20,0.25683832,0.65399456,0.4915300749242305,11,9,0,20,0.55
2022-10-21,0.26052326,0.65501046,0.3640907960012555,6,13,1,20,0.3
2022-10-22,0.2600802,0.65911615,0.4875624531880021,10,7,3,20,0.5
2022-10-23,0.25846896,0.66048366,0.6040479116141796,13,7,0,20,0.65
2022-10-24,0.26175758,0.6589945,0.4873376280246746,11,8,2,21,0.5238095238095238
2022-10-25,0.2607194,0.66389656,0.4368344389135018,9,9,2,20,0.45
2022-10-26,0.26424766,0.65658224,0.3151586302334354,7,11,3,21,0.3333333333333333
2022-10-27,0.2626152,0.66077936,0.4251601115653389,7,12,0,19,0.3684210526315789
2022-10-28,0.2616667,0.66840047,0.4302198159552756,9,9,3,21,0.42857142857142855
2022-10-29,0.25790444,0.6664571,0.4220668138004839,7,12,1,20,0.35
2022-10-30,0.25909808,0.672238,0.4409494047008809,9,9,3,21,0.42857142857142855
2022-10-31,0.25454018,0.68051857,0.4756602112736021,8,12,1,21,0.38095238095238093
2022-11-01,0.2514253,0.6697389,0.4801595934799739,12,9,0,21,0.5714285714285714
2022-11-02,0.2556735,0.67111385,0.5190040537156164,11,8,1,20,0.55
2022-11-03,0.25670147,0.6716045,0.3913301456542242,7,14,0,21,0.3333333333333333
2022-11-04,0.25494462,0.6725934,0.2810211487942271,3,14,1,18,0.16666666666666666
2022-11-05,0.25318113,0.67823136,0.3708347065285557,7,13,1,21,0.3333333333333333
2022-11-06,0.25135016,0.6748488,0.3291971459097805,7,10,4,21,0.3333333333333333
2022-11-07,0.3111075,0.6366121,0.3580899284454062,6,12,2,20,0.3
2022-11-08,0.30982915,0.6321287,0.4329675498108069,8,11,2,21,0.38095238095238093
2022-11-09,0.31602943,0.63603765,0.3717365245379152,8,10,3,21,0.38095238095238093
2022-11-10,0.3281464,0.6084295,0.4002459365874529,8,12,0,20,0.4
2022-11-11,0.32848072,0.59739536,0.3912360740027257,9,10,2,21,0.42857142857142855
2022-11-12,0.32975703,0.5974569,0.5181198182858919,10,6,3,19,0.5263157894736842
2022-11-13,0.32604462,0.57147086,0.2544046868570149,4,12,4,20,0.2
2022-11-14,0.32051447,0.58518016,0.37922101325932,6,15,0,21,0.2857142857142857
2022-11-15,0.31758332,0.5966421,0.2767191869871956,5,14,2,21,0.23809523809523808
2022-11-16,0.3143654,0.59744895,0.2714021703228354,4,13,3,20,0.2
2022-11-17,0.30944148,0.6041598,0.3207847578672781,7,13,1,21,0.3333333333333333
2022-11-18,0.30956236,0.6169202,0.2714200420770793,4,12,4,20,0.2
2022-11-19,0.3058121,0.61118335,0.5038428734101,11,10,0,21,0.5238095238095238
2022-11-20,0.30742136,0.61774725,0.3517330722617251,7,10,4,21,0.3333333333333333
2022-11-21,0.30117422,0.60780466,0.3571125337233146,7,13,1,21,0.3333333333333333
2022-11-22,0.3012604,0.6207693,0.4602182062254065,9,10,2,21,0.42857142857142855
2022-11-23,0.29611492,0.617403,0.3980488006380342,9,10,2,21,0.42857142857142855
2022-11-24,0.29748565,0.61823523,0.398815330384033,9,6,6,21,0.42857142857142855
2022-11-25,0.28700292,0.62769055,0.4616184457205236,9,5,6,20,0.45
2022-11-26,0.28802964,0.62928313,0.5021918025754747,11,7,3,21,0.5238095238095238
2022-11-27,0.28659126,0.63306254,0.4932054683920883,12,9,0,21,0.5714285714285714
2022-11-28,0.2922054,0.6357091,0.3626793598135312,4,13,1,18,0.2222222222222222
2022-11-29,0.2917382,0.6316662,0.2941689434505644,5,16,0,21,0.23809523809523808
2022-11-30,0.29236543,0.6337708,0.3903183905141694,8,12,1,21,0.38095238095238093
2022-12-01,0.29546285,0.63333434,0.3399882896670273,5,13,3,21,0.23809523809523808
2022-12-02,0.2936679,0.63667685,0.3781091189011931,8,11,1,20,0.4
2022-12-03,0.29398954,0.64163786,0.4817516464917433,11,10,0,21,0.5238095238095238
2022-12-04,0.29405516,0.6463391,0.4288528600618952,10,4,7,21,0.47619047619047616
2022-12-05,0.30046737,0.64566267,0.4436316796961952,7,10,0,17,0.4117647058823529
2022-12-06,0.3060151,0.65080005,0.3144594854675233,6,13,1,20,0.3
2022-12-07,0.30851364,0.6431482,0.3528537868576891,5,11,1,17,0.29411764705882354
2022-12-08,0.30339813,0.6485598,0.4834176290780306,10,9,1,20,0.5
2022-12-09,0.3105496,0.64901143,0.5180136831942945,12,6,2,20,0.6
2022-12-10,0.3046556,0.64479965,0.5203896695747972,7,9,0,16,0.4375
2022-12-11,0.30850837,0.64624023,0.4399256316944956,9,10,1,20,0.45
2022-12-12,0.3089402,0.64761096,0.3410454018041491,6,12,2,20,0.3
2022-12-13,0.30504563,0.6469865,0.2344255825798762,2,14,3,19,0.10526315789473684
2022-12-14,0.30682623,0.6380114,0.33092650869175,4,14,1,19,0.21052631578947367
2022-12-15,0.3057556,0.63743293,0.3840645648735133,7,11,1,19,0.3684210526315789
2022-12-16,0.3030052,0.6410877,0.5007307905526388,12,8,1,21,0.5714285714285714
2022-12-17,0.30312926,0.64108354,0.5233740579336882,10,9,1,20,0.5
2022-12-18,0.30318394,0.63871986,0.4171124893639769,8,10,3,21,0.38095238095238093
2022-12-19,0.29794484,0.62902886,0.2771560588459434,3,12,4,19,0.15789473684210525
2022-12-20,0.29748932,0.6409129,0.490562539370287,11,10,0,21,0.5238095238095238
2022-12-21,0.2987549,0.64201957,0.5258796480210388,9,7,1,17,0.5294117647058824
2022-12-22,0.29863855,0.6434532,0.3428774001076817,6,13,1,20,0.3
2022-12-23,0.29749542,0.65275407,0.4779409890373547,10,10,1,21,0.47619047619047616
2022-12-24,0.30183524,0.6545588,0.3999360088258982,8,10,2,20,0.4
2022-12-25,0.29796603,0.6565099,0.3810162593921025,8,12,1,21,0.38095238095238093
2022-12-26,0.2987356,0.64557296,0.4467126309479537,9,7,3,19,0.47368421052631576
2022-12-27,0.29809383,0.6402722,0.3398068858420147,6,9,2,17,0.35294117647058826
2022-12-28,0.30159515,0.61760163,0.4282491305842996,9,8,3,20,0.45
2022-12-29,0.29822358,0.6069582,0.302372025914098,5,12,2,19,0.2631578947368421
2022-12-30,0.29702705,0.6047176,0.4235411011392161,9,11,1,21,0.42857142857142855
2022-12-31,0.29381102,0.5929258,0.5645049840211869,14,5,1,20,0.7
2023-01-01,0.2973939,0.58128077,0.3541902332670158,7,9,2,18,0.3888888888888889
2023-01-02,0.2816431,0.6091712,0.4614831428265288,9,10,2,21,0.42857142857142855
2023-01-03,0.27666587,0.6353863,0.3808579858392477,6,14,0,20,0.3
2023-01-04,0.27566883,0.64441794,0.4581654828041792,9,11,0,20,0.45
2023-01-05,0.2792943,0.6475163,0.4280306760753904,12,7,2,21,0.5714285714285714
2023-01-06,0.2749711,0.67002815,0.5267318307998634,11,9,1,21,0.5238095238095238
2023-01-07,0.26683193,0.6780948,0.5589321519248187,13,5,2,20,0.65
2023-01-08,0.26585832,0.6977564,0.4694042986347562,10,11,0,21,0.47619047619047616
2023-01-09,0.2615245,0.681797,0.2857823203362169,6,11,4,21,0.2857142857142857
2023-01-10,0.25707826,0.68527216,0.4485369023999997,10,10,1,21,0.47619047619047616
2023-01-11,0.25877792,0.68469685,0.4444848478195213,9,9,3,21,0.42857142857142855
2023-01-12,0.25547537,0.68525505,0.4304670073876255,7,8,4,19,0.3684210526315789
2023-01-13,0.25107756,0.68716395,0.400228481227532,9,7,4,20,0.45
2023-01-14,0.24956174,0.67815477,0.3014546198593009,7,8,6,21,0.3333333333333333
2023-01-15,0.24864529,0.6918331,0.3925478968769311,9,9,2,20,0.45
2023-01-16,0.27303913,0.6724516,0.375234276144987,6,13,2,21,0.2857142857142857
2023-01-17,0.26999685,0.672745,0.4858534379225028,9,9,1,19,0.47368421052631576
2023-01-18,0.2686067,0.6730165,0.5249925454457601,12,8,1,21,0.5714285714285714
2023-01-19,0.27134272,0.6755861,0.527996133826673,12,5,3,20,0.6
2023-01-20,0.2716727,0.6691698,0.3968710569664835,9,8,3,20,0.45
2023-01-21,0.27325273,0.670766,0.4219832350499928,9,6,5,20,0.45
2023-01-22,0.270613,0.6676711,0.2504465374862775,4,12,4,20,0.2
2023-01-23,0.27738798,0.6617341,0.3682393107097595,7,10,3,20,0.35
2023-01-24,0.28122452,0.6598564,0.3042949856746764,5,11,5,21,0.23809523809523808
2023-01-25,0.28107235,0.6595651,0.4269009659949102,9,7,3,19,0.47368421052631576
2023-01-26,0.27681577,0.6585568,0.4307971621553103,10,11,0,21,0.47619047619047616
2023-01-27,0.2797907,0.66074395,0.4499035743730409,11,7,3,21,0.5238095238095238
2023-01-28,0.28050613,0.6618616,0.3497645267773241,9,10,2,21,0.42857142857142855
2023-01-29,0.28205147,0.6587068,0.2666546979120799,4,11,6,21,0.19047619047619047
2023-01-30,0.2826759,0.65378517,0.4768053954910664,10,9,2,21,0.47619047619047616
2023-01-31,0.27700576,0.66151714,0.3693611064925789,8,9,3,20,0.4
2023-02-01,0.2754033,0.66198486,0.3345709659735716,7,10,4,21,0.3333333333333333
2023-02-02,0.27578562,0.6659699,0.4406318116400923,10,7,4,21,0.47619047619047616
2023-02-03,0.2740946,0.6643966,0.4430838726460934,9,10,1,20,0.45
2023-02-04,0.27502045,0.6627464,0.4040371096205143,8,9,4,21,0.38095238095238093
2023-02-05,0.27493215,0.6584294,0.4287646504207736,8,10,3,21,0.38095238095238093
2023-02-06,0.2862656,0.66229004,0.3990682042203843,7,10,3,20,0.35
2023-02-07,0.28924635,0.66160846,0.3558517757448411,6,11,4,21,0.2857142857142857
2023-02-08,0.2860823,0.65963364,0.3705916122999041,6,8,6,20,0.3
2023-02-09,0.29993048,0.658536,0.4554237854622659,12,5,4,21,0.5714285714285714
2023-02-10,0.29694936,0.653353,0.3032386702973217,7,8,6,21,0.3333333333333333
2023-02-11,0.30226916,0.6499753,0.2396551587929327,4,8,9,21,0.19047619047619047
2023-02-12,0.30386207,0.6466401,0.2866397109115496,5,8,7,20,0.25
2023-02-13,0.3034934,0.6488751,0.4517820785753429,8,9,3,20,0.4
2023-02-14,0.30385438,0.64503026,0.2863798935199156,6,6,8,20,0.3
2023-02-15,0.3084184,0.64378655,0.2896151340433529,4,11,6,21,0.19047619047619047
2023-02-16,0.31037343,0.6380627,0.2845506416633724,5,13,3,21,0.23809523809523808
2023-02-17,0.30845362,0.64161247,0.5863307462561698,14,5,2,21,0.6666666666666666
2023-02-18,0.3088407,0.64153695,0.2149232144960585,3,6,8,17,0.17647058823529413
2023-02-19,0.31198832,0.64234006,0.258464988041669,3,9,8,20,0.15
2023-02-20,0.31872165,0.63255656,0.4679913520812988,9,6,4,19,0.47368421052631576
2023-02-21,0.32203442,0.6283879,0.4201325140427798,8,8,4,20,0.4
2023-02-22,0.319362,0.63140494,0.4087937320116907,7,8,5,20,0.35
2023-02-23,0.32151413,0.6131525,0.289332151235569,4,12,5,21,0.19047619047619047
2023-02-24,0.32064888,0.6198767,0.3538249100425413,8,7,6,21,0.38095238095238093
2023-02-25,0.3226136,0.61623657,0.3620015079155564,8,9,3,20,0.4
2023-02-26,0.319146,0.6153278,0.2773079860955476,4,13,3,20,0.2
2023-02-27,0.33220714,0.61762613,0.3549938625877811,7,10,4,21,0.3333333333333333
2023-02-28,0.33518004,0.60955906,0.4509504713118076,9,9,2,20,0.45
2023-03-01,0.33842623,0.612468,0.4348904587328434,9,9,2,20,0.45
2023-03-02,0.3462547,0.60524344,0.4709335558249482,10,5,6,21,0.47619047619047616
2023-03-03,0.34687164,0.6055566,0.3992289813235402,7,12,1,20,0.35
2023-03-04,0.34917971,0.6066491,0.4093941265628451,10,9,2,21,0.47619047619047616
2023-03-05,0.35517126,0.6074196,0.4406547599679066,8,6,4,18,0.4444444444444444
2023-03-06,0.32476825,0.6106137,0.3492165240459143,7,9,4,20,0.35
2023-03-07,0.31660393,0.6181418,0.2574767190963029,6,6,8,20,0.3
2023-03-08,0.31897238,0.62061155,0.3554884223267435,6,11,3,20,0.3
2023-03-09,0.31576017,0.61870545,0.5509699357673525,12,7,1,20,0.6
2023-03-10,0.31642658,0.6200845,0.4597928561787638,7,10,1,18,0.3888888888888889
2023-03-11,0.31337765,0.61582196,0.2557626589245739,5,12,4,21,0.23809523809523808
2023-03-12,0.31373236,0.6290541,0.3891892669101556,9,9,3,21,0.42857142857142855
2023-03-13,0.3301014,0.62733054,0.3488899725711061,7,12,2,21,0.3333333333333333
2023-03-14,0.33824253,0.6159132,0.3882399541991098,8,11,2,21,0.38095238095238093
2023-03-15,0.33498058,0.6141065,0.316672700146834,5,14,2,21,0.23809523809523808
2023-03-16,0.3459468,0.61336136,0.3547457270324229,5,13,2,20,0.25
2023-03-17,0.34492016,0.6166928,0.2953086035060031,4,11,6,21,0.19047619047619047
2023-03-18,0.34842914,0.6084225,0.4806540789082646,10,7,3,20,0.5
2023-03-19,0.3507677,0.60874593,0.3578149370849132,6,11,3,20,0.3
2023-03-20,0.3151532,0.6159352,0.3331261307932436,7,10,3,20,0.35
2023-03-21,0.31279323,0.6263134,0.3646156204243501,8,10,3,21,0.38095238095238093
2023-03-22,0.3028522,0.6303847,0.4125005499947639,9,7,5,21,0.42857142857142855
2023-03-23,0.3025753,0.63370574,0.4307645790278911,9,8,3,20,0.45
2023-03-24,0.29917148,0.6364008,0.3726186441878478,8,10,3,21,0.38095238095238093
2023-03-25,0.30008376,0.64474356,0.3418997841931525,7,8,6,21,0.3333333333333333
2023-03-26,0.29573265,0.6586418,0.4481774898512022,9,9,3,21,0.42857142857142855
2023-03-27,0.29412943,0.65335965,0.4601240103975648,10,8,3,21,0.47619047619047616
2023-03-28,0.29321042,0.6449115,0.4670141033828258,9,10,1,20,0.45
2023-03-29,0.28901106,0.63770735,0.4121853210741565,8,9,4,21,0.38095238095238093
2023-03-30,0.28518397,0.6369248,0.5002648184696833,12,7,2,21,0.5714285714285714
2023-03-31,0.29158175,0.6332072,0.3758913572681577,8,6,5,19,0.42105263157894735
2023-04-01,0.29190543,0.62836426,0.4676628655029667,10,4,4,18,0.5555555555555556
2023-04-02,0.28236476,0.6317191,0.3720093847562869,9,9,3,21,0.42857142857142855
2023-04-03,0.29583386,0.62967354,0.3349163402758893,5,15,1,21,0.23809523809523808
2023-04-04,0.29829544,0.6359932,0.3529897321015596,6,11,3,20,0.3
2023-04-05,0.29901975,0.63437736,0.3276583156770183,4,15,2,21,0.19047619047619047
2023-04-06,0.2985982,0.63777804,0.5102071623717036,12,7,2,21,0.5714285714285714
2023-04-07,0.30190402,0.64640284,0.3489222151360341,5,12,4,21,0.23809523809523808
2023-04-08,0.29899782,0.64545715,0.4136612248562631,9,9,3,21,0.42857142857142855
2023-04-09,0.298444,0.64747095,0.46988616295551,9,7,3,19,0.47368421052631576
2023-04-10,0.2946766,0.6503132,0.4477620306698715,10,5,2,17,0.5882352941176471
2023-04-11,0.29580462,0.6462723,0.3095067678285496,6,9,6,21,0.2857142857142857
2023-04-12,0.29828718,0.63805103,0.4243896913714707,11,8,1,20,0.55
2023-04-13,0.3030968,0.6400161,0.4420824876676003,10,9,2,21,0.47619047619047616
2023-04-14,0.29919174,0.639495,0.4017175611936384,6,10,2,18,0.3333333333333333
2023-04-15,0.297944,0.63974535,0.5000143721699715,8,8,1,17,0.47058823529411764
2023-04-16,0.297964,0.6434581,0.4822122218708197,10,8,3,21,0.47619047619047616
2023-04-17,0.29504266,0.6278299,0.4895851000359184,9,9,1,19,0.47368421052631576
2023-04-18,0.29427305,0.64317477,0.5241143124178052,11,8,1,20,0.55
2023-04-19,0.2908316,0.63985413,0.5694925528019666,14,4,2,20,0.7
2023-04-20,0.28883862,0.6409502,0.4438832162746361,9,10,2,21,0.42857142857142855
2023-04-21,0.28836492,0.64885056,0.3435504672117531,7,8,5,20,0.35
2023-04-22,0.29390576,0.64221036,0.3783285476267337,9,9,2,20,0.45
2023-04-23,0.28582036,0.6501717,0.4455194602616959,9,5,4,18,0.5
2023-04-24,0.29506302,0.650126,0.4247720872983336,8,9,3,20,0.4
2023-04-25,0.29570314,0.64136076,0.2735940173268317,6,11,3,20,0.3
2023-04-26,0.29793823,0.6325753,0.3722268832581383,7,13,1,21,0.3333333333333333
2023-04-27,0.30210412,0.6259288,0.4061983513988946,9,7,3,19,0.47368421052631576
2023-04-28,0.3004705,0.6278781,0.5095240131020546,12,6,2,20,0.6
2023-04-29,0.30084044,0.62658477,0.4108497647568583,8,7,5,20,0.4
2023-04-30,0.30167598,0.61959577,0.4211309874430299,9,7,4,20,0.45
2023-05-01,0.29509073,0.625928,0.4888566107977004,11,8,2,21,0.5238095238095238
2023-05-02,0.28827327,0.6256839,0.3103856422007083,5,13,2,20,0.25
2023-05-03,0.284318,0.6395384,0.3508308828808367,8,7,5,20,0.4
2023-05-04,0.28126994,0.6405207,0.2877734161447733,5,5,6,16,0.3125
2023-05-05,0.27851334,0.6510989,0.4518813719041645,9,9,2,20,0.45
2023-05-06,0.28086308,0.6547253,0.460159681870469,12,7,2,21,0.5714285714285714
2023-05-07,0.28091267,0.65796614,0.429054720770745,10,9,2,21,0.47619047619047616
2023-05-08,0.2929134,0.6630658,0.4356223148781629,10,7,4,21,0.47619047619047616
2023-05-09,0.29060116,0.65682626,0.3495369660002844,7,11,3,21,0.3333333333333333
2023-05-10,0.2949948,0.65959865,0.3694686205791575,7,11,3,21,0.3333333333333333
2023-05-11,0.29681933,0.6557506,0.4278689131495498,10,6,5,21,0.47619047619047616
2023-05-12,0.29607055,0.65639186,0.2682447893441551,4,7,7,18,0.2222222222222222
2023-05-13,0.30003574,0.6519351,0.3584669040516018,8,10,2,20,0.4
2023-05-14,0.3009418,0.6536607,0.3526948846876621,6,8,6,20,0.3
2023-05-15,0.29901537,0.6474626,0.3538717331364751,7,12,1,20,0.35
2023-05-16,0.29626372,0.6403501,0.3438885498791932,7,11,2,20,0.35
2023-05-17,0.29855576,0.6406965,0.365977159064067,6,11,2,19,0.3157894736842105
2023-05-18,0.29898912,0.63365084,0.3824816825134413,9,12,0,21,0.42857142857142855
2023-05-19,0.3001997,0.6324124,0.3593114756047725,6,13,1,20,0.3
2023-05-20,0.2997151,0.62824,0.3561580689623951,6,10,4,20,0.3
2023-05-21,0.2990259,0.61711526,0.5989909023046494,15,5,1,21,0.7142857142857143
2023-05-22,0.30569476,0.6225381,0.5098658902570605,10,8,2,20,0.5
2023-05-23,0.31032187,0.61685926,0.5125087295707903,10,9,0,19,0.5263157894736842
2023-05-24,0.3117011,0.6181529,0.5286188350108109,11,6,2,19,0.5789473684210527
2023-05-25,0.31733814,0.6170511,0.5356197958546025,15,4,2,21,0.7142857142857143
2023-05-26,0.31974846,0.6216489,0.3894248123147658,8,10,3,21,0.38095238095238093
2023-05-27,0.31990567,0.61742675,0.4467017298564315,9,10,1,20,0.45
2023-05-28,0.32076076,0.6083629,0.4869976328308916,11,9,1,21,0.5238095238095238
2023-05-29,0.36358342,0.6076287,0.495287256129086,10,8,2,20,0.5
2023-05-30,0.39966476,0.5784314,0.6020415119826794,14,6,0,20,0.7
2023-05-31,0.40338853,0.57445693,0.5474147586565878,12,4,2,18,0.6666666666666666
2023-06-01,0.39165935,0.57192373,0.308484532471214,5,12,4,21,0.23809523809523808
2023-06-02,0.40285632,0.5502223,0.2852352370641061,5,15,1,21,0.23809523809523808
2023-06-03,0.4089698,0.5392962,0.4285475648939609,11,5,4,20,0.55
2023-06-04,0.4082581,0.5331905,0.456716506692924,10,7,2,19,0.5263157894736842
2023-06-05,0.34809458,0.5706938,0.4804919851677758,11,10,0,21,0.5238095238095238
2023-06-06,0.341611,0.5716683,0.3502420879900455,7,10,3,20,0.35
2023-06-07,0.3500021,0.5763752,0.4508500599435397,9,11,1,21,0.42857142857142855
2023-06-08,0.33915454,0.59471375,0.2923766324296593,4,12,3,19,0.21052631578947367
2023-06-09,0.33758336,0.596329,0.375937258079648,9,10,1,20,0.45
2023-06-10,0.32714045,0.61057305,0.4529660549014807,8,8,1,17,0.47058823529411764
2023-06-11,0.32543847,0.62722445,0.3525124885141849,8,6,6,20,0.4
2023-06-12,0.31400022,0.6353588,0.4063002417484919,6,15,0,21,0.2857142857142857
2023-06-13,0.30741492,0.6335349,0.2567095268321664,4,11,4,19,0.21052631578947367
2023-06-14,0.3014863,0.63522214,0.2088753762189298,3,13,4,20,0.15
2023-06-15,0.30517173,0.6413885,0.5525497737384978,13,6,2,21,0.6190476190476191
2023-06-16,0.30085486,0.63810754,0.4076166869141161,7,11,2,20,0.35
2023-06-17,0.2998558,0.64597934,0.6635449811816215,15,4,1,20,0.75
2023-06-18,0.29462624,0.649318,0.3161269822403004,5,9,5,19,0.2631578947368421
2023-06-19,0.2912859,0.64885616,0.3481380507527363,7,13,1,21,0.3333333333333333
2023-06-20,0.28811324,0.6502243,0.4711004894226789,10,9,1,20,0.5
2023-06-21,0.2843452,0.6490901,0.4030607523102509,8,9,2,19,0.42105263157894735
2023-06-22,0.28012848,0.65241873,0.5282427043550544,10,7,1,18,0.5555555555555556
2023-06-23,0.28050786,0.6498008,0.5170399818037238,12,8,1,21,0.5714285714285714
2023-06-24,0.27903053,0.64786905,0.348749015284212,6,12,1,19,0.3157894736842105
2023-06-25,0.27688694,0.64710224,0.4197847651317715,8,10,2,20,0.4
2023-06-26,0.2813541,0.64833444,0.4175319207832217,7,11,2,20,0.35
2023-06-27,0.28119177,0.65239686,0.4309880619957333,10,8,3,21,0.47619047619047616
2023-06-28,0.2815872,0.6554281,0.4130808640271425,8,12,0,20,0.4
2023-06-29,0.28360495,0.6556599,0.4832787558436394,10,9,1,20,0.5
2023-06-30,0.2816114,0.66648877,0.4787175910253274,10,8,1,19,0.5263157894736842
2023-07-01,0.28136832,0.66256297,0.4452261398301312,11,5,3,19,0.5789473684210527
2023-07-02,0.2835315,0.6638112,0.3028330402448773,5,12,3,20,0.25
2023-07-03,0.28979865,0.660553,0.4151719305664301,8,12,0,20,0.4
2023-07-04,0.28693768,0.6609053,0.407648718428044,8,9,4,21,0.38095238095238093
2023-07-05,0.29108116,0.65901726,0.3951420016586781,9,8,3,20,0.45
2023-07-06,0.2931091,0.654966,0.4514623248067341,9,6,4,19,0.47368421052631576
2023-07-07,0.2907056,0.6410803,0.3922825757414102,10,9,1,20,0.5
2023-07-08,0.29357904,0.645231,0.5004180666292086,9,5,2,16,0.5625
2023-07-09,0.29130945,0.6357677,0.4293443264351004,9,9,3,21,0.42857142857142855
2023-07-10,0.30159444,0.63288605,0.3925543218437168,7,10,1,18,0.3888888888888889
2023-07-11,0.30658486,0.6302302,0.3423683600500226,6,11,3,20,0.3
2023-07-12,0.301497,0.6318673,0.41190625413468,10,7,2,19,0.5263157894736842
2023-07-13,0.30401173,0.6287021,0.2652195949284803,4,13,4,21,0.19047619047619047
2023-07-14,0.31127742,0.63026005,0.3404788278664151,7,9,2,18,0.3888888888888889
2023-07-15,0.31142688,0.6260168,0.4715634729890596,11,9,1,21,0.5238095238095238
2023-07-16,0.3128352,0.6289358,0.4857938410714268,10,7,3,20,0.5
2023-07-17,0.3183627,0.63059497,0.332090007700026,7,12,1,20,0.35
2023-07-18,0.31952694,0.62921655,0.3335024134108895,7,9,3,19,0.3684210526315789
2023-07-19,0.32216436,0.62928885,0.3514465178762163,8,9,4,21,0.38095238095238093
2023-07-20,0.32554233,0.63210803,0.5250633362680673,12,5,3,20,0.6
2023-07-21,0.32436004,0.62123543,0.3189965563973314,6,12,1,19,0.3157894736842105
2023-07-22,0.3196106,0.6299469,0.3695873529428527,8,13,0,21,0.38095238095238093
2023-07-23,0.3220327,0.6324583,0.4869611725211143,10,9,1,20,0.5
2023-07-24,0.3090834,0.633684,0.3842895316580931,7,10,1,18,0.3888888888888889
2023-07-25,0.30195943,0.63294756,0.4160555939944017,9,10,2,21,0.42857142857142855
2023-07-26,0.2946008,0.6354705,0.5002745863050222,13,5,2,20,0.65
2023-07-27,0.29161134,0.63571835,0.3927132259858281,7,11,1,19,0.3684210526315789
2023-07-28,0.2827751,0.6441847,0.4634212063891547,12,8,1,21,0.5714285714285714
2023-07-29,0.28034198,0.64737725,0.4408137762919068,9,8,3,20,0.45
2023-07-30,0.27830875,0.6552072,0.4344945695428621,9,11,1,21,0.42857142857142855
2023-07-31,0.28696218,0.6568048,0.5440671067027485,11,5,1,17,0.6470588235294118
2023-08-01,0.29287377,0.64831555,0.3783659979701042,7,8,5,20,0.35
2023-08-02,0.29582486,0.63878095,0.3974619414657354,9,7,5,21,0.42857142857142855
2023-08-03,0.29841456,0.63896173,0.470166209730364,11,9,1,21,0.5238095238095238
2023-08-04,0.29986304,0.6399386,0.4101574336666436,8,11,2,21,0.38095238095238093
2023-08-05,0.29799286,0.63881904,0.5523893180347624,13,7,1,21,0.6190476190476191
2023-08-06,0.30039895,0.6398792,0.5045688027516008,12,6,2,20,0.6
2023-08-07,0.29384983,0.632611,0.5139475290973982,12,4,2,18,0.6666666666666666
2023-08-08,0.28626275,0.6426856,0.5559693769448333,11,6,1,18,0.6111111111111112
2023-08-09,0.28583655,0.64560646,0.4647327398881316,8,11,1,20,0.4
2023-08-10,0.28241187,0.6527564,0.4344717107713222,9,8,3,20,0.45
2023-08-11,0.2822976,0.6533571,0.5553340654820204,10,10,0,20,0.5
2023-08-12,0.28143105,0.6497327,0.4613309968262911,10,8,2,20,0.5
2023-08-13,0.27649975,0.65878046,0.488051817885467,11,8,2,21,0.5238095238095238
2023-08-14,0.2783186,0.66366863,0.3708054901411136,6,13,2,21,0.2857142857142857
2023-08-15,0.27163747,0.6644213,0.4849175918161085,11,7,1,19,0.5789473684210527
2023-08-16,0.27312803,0.6633486,0.3218483002412886,6,13,2,21,0.2857142857142857
2023-08-17,0.26729196,0.67368746,0.416308837197721,8,10,2,20,0.4
2023-08-18,0.2724154,0.6750416,0.3935163158335183,7,11,1,19,0.3684210526315789
2023-08-19,0.27113238,0.6802777,0.5119985294129167,12,8,1,21,0.5714285714285714
2023-08-20,0.27151248,0.6784663,0.2802106224931776,6,11,3,20,0.3
2023-08-21,0.28759214,0.66670734,0.3750301647931336,7,13,0,20,0.35
2023-08-22,0.28363672,0.66843337,0.5370839750837713,12,7,2,21,0.5714285714285714
2023-08-23,0.28077725,0.6717624,0.3581638010218739,6,10,4,20,0.3
2023-08-24,0.2819038,0.671309,0.4095735249452685,9,6,4,19,0.47368421052631576
2023-08-25,0.2825622,0.6661063,0.4981321337677183,11,8,2,21,0.5238095238095238
2023-08-26,0.28155538,0.6717945,0.5400811057341727,10,8,1,19,0.5263157894736842
2023-08-27,0.28076097,0.65999454,0.51780512308081,11,7,0,18,0.6111111111111112
2023-08-28,0.2893062,0.65949434,0.5747832609340549,14,4,2,20,0.7
2023-08-29,0.29015186,0.6566722,0.366729037836194,9,9,3,21,0.42857142857142855
2023-08-30,0.28773853,0.65213716,0.5117303594946861,12,7,1,20,0.6
2023-08-31,0.29207802,0.6550344,0.5688989174209143,13,5,1,19,0.6842105263157895
2023-09-01,0.29620942,0.6507494,0.5577896658331156,13,6,1,20,0.65
2023-09-02,0.2934345,0.64760196,0.5386111257183883,11,5,2,18,0.6111111111111112
2023-09-03,0.29062563,0.6436964,0.4345424456521868,9,9,2,20,0.45
2023-09-04,0.28776652,0.6400348,0.3462817350491171,7,13,1,21,0.3333333333333333
2023-09-05,0.28692994,0.6525127,0.4780137874186039,10,9,1,20,0.5
2023-09-06,0.29145262,0.6517152,0.4868478556163609,9,9,2,20,0.45
2023-09-07,0.28932145,0.64446497,0.4451751795907815,9,9,0,18,0.5
2023-09-08,0.2896547,0.65135926,0.4539812481717059,11,5,3,19,0.5789473684210527
2023-09-09,0.28555384,0.6592206,0.4184973503364936,9,5,5,19,0.47368421052631576
2023-09-10,0.28472972,0.6633694,0.5170613364094779,10,10,1,21,0.47619047619047616
2023-09-11,0.30564782,0.6545375,0.451023181323849,12,7,2,21,0.5714285714285714
2023-09-12,0.30167472,0.6568595,0.5632193776823226,14,7,0,21,0.6666666666666666
2023-09-13,0.30239922,0.6535244,0.6187708382273004,16,4,1,21,0.7619047619047619
2023-09-14,0.3090301,0.6470417,0.4088549990029562,8,11,2,21,0.38095238095238093
2023-09-15,0.30506968,0.6493805,0.426926205214113,9,9,2,20,0.45
2023-09-16,0.31130672,0.6399623,0.5754069872200489,12,7,0,19,0.631578947368421
2023-09-17,0.31139937,0.6344061,0.5210885284468532,12,7,2,21,0.5714285714285714
2023-09-18,0.31868693,0.6290303,0.250010885165206,5,11,5,21,0.23809523809523808
2023-09-19,0.31976017,0.64049053,0.4053508408722423,9,11,1,21,0.42857142857142855
2023-09-20,0.3215347,0.6410321,0.3438922384753823,6,13,1,20,0.3
2023-09-21,0.31794822,0.6363098,0.3776779769919812,7,10,3,20,0.35
2023-09-22,0.32291114,0.64516985,0.3610841102505984,7,11,1,19,0.3684210526315789
2023-09-23,0.32034385,0.6393861,0.3750864578677075,7,11,3,21,0.3333333333333333
2023-09-24,0.32051894,0.6466039,0.3334440948980811,6,11,2,19,0.3157894736842105
2023-09-25,0.32196632,0.6403564,0.3529332287143915,5,11,4,20,0.25
2023-09-26,0.31401035,0.6401258,0.4389413833352072,9,11,1,21,0.42857142857142855
2023-09-27,0.3106202,0.6291406,0.4512588046491146,11,8,1,20,0.55
2023-09-28,0.3104099,0.6364302,0.3559614036451367,6,10,1,17,0.35294117647058826
2023-09-29,0.30926406,0.63225967,0.3091201908176853,5,16,0,21,0.23809523809523808
2023-09-30,0.3090925,0.6298032,0.3451619113662413,7,9,5,21,0.3333333333333333
2023-10-01,0.30906036,0.6253159,0.4006206344458319,8,12,1,21,0.38095238095238093
2023-10-02,0.32947266,0.6262515,0.5309844112023712,13,5,2,20,0.65
2023-10-03,0.32358712,0.6232809,0.5856944718643239,14,5,0,19,0.7368421052631579
2023-10-04,0.32794985,0.62209666,0.5077997119062476,9,8,1,18,0.5
2023-10-05,0.3370601,0.617305,0.4894257198487009,9,12,0,21,0.42857142857142855
2023-10-06,0.33340293,0.6148256,0.3562629700785404,7,10,2,19,0.3684210526315789
2023-10-07,0.34339982,0.61727333,0.4614487335618053,10,6,5,21,0.47619047619047616
2023-10-08,0.33905852,0.6171253,0.5707771290093661,12,6,2,20,0.6
2023-10-09,0.32479367,0.6101006,0.5537303622279849,14,6,1,21,0.6666666666666666
2023-10-10,0.330909,0.60858977,0.5116678139283544,13,8,0,21,0.6190476190476191
2023-10-11,0.33096436,0.61196274,0.5103637853637337,10,8,2,20,0.5
2023-10-12,0.32955703,0.60637504,0.3681231308728456,7,12,1,20,0.35
2023-10-13,0.3226351,0.6056824,0.3523625808165354,7,5,5,17,0.4117647058823529
2023-10-14,0.3211888,0.60685295,0.1552957608364522,1,13,6,20,0.05
2023-10-15,0.3218745,0.60050327,0.2163837580453781,3,13,5,21,0.14285714285714285
2023-10-16,0.31475443,0.61091834,0.3355723775716291,5,11,2,18,0.2777777777777778
2023-10-17,0.3155264,0.6159729,0.3424807543866336,7,10,3,20,0.35
2023-10-18,0.3109974,0.6221563,0.6069921255111694,13,6,0,19,0.6842105263157895
2023-10-19,0.31088537,0.6173148,0.4147568870531885,9,9,1,19,0.47368421052631576
2023-10-20,0.31179717,0.6275733,0.4021358219906688,9,9,3,21,0.42857142857142855
2023-10-21,0.30641806,0.6269455,0.3373992011571923,6,8,7,21,0.2857142857142857
2023-10-22,0.30871227,0.62728494,0.5816311349994258,13,6,0,19,0.6842105263157895
2023-10-23,0.32202938,0.62698275,0.3461353342980146,8,9,3,20,0.4
2023-10-24,0.32193485,0.6223663,0.4867525973210209,10,7,2,19,0.5263157894736842
2023-10-25,0.32451585,0.61466265,0.4694146852836841,9,5,4,18,0.5
2023-10-26,0.32788205,0.6169958,0.4759076853238401,10,10,1,21,0.47619047619047616
2023-10-27,0.3277556,0.6184365,0.3607993085868656,7,12,1,20,0.35
2023-10-28,0.3328129,0.60505867,0.3930046767262475,11,4,6,21,0.5238095238095238
2023-10-29,0.33141696,0.60433465,0.4470881277783995,8,11,2,21,0.38095238095238093
2023-10-30,0.3437011,0.6004382,0.3360275530980692,4,11,3,18,0.2222222222222222
2023-10-31,0.3583307,0.58642143,0.6256244083866477,16,3,1,20,0.8
2023-11-01,0.36301053,0.5938639,0.4634568259904259,9,9,1,19,0.47368421052631576
2023-11-02,0.3668427,0.5720901,0.3737122679594903,5,12,3,20,0.25
2023-11-03,0.3679849,0.58572465,0.4237727110407182,9,10,2,21,0.42857142857142855
2023-11-04,0.37108767,0.5786933,0.4951645106905036,11,7,0,18,0.6111111111111112
2023-11-05,0.36942792,0.5712321,0.3445104075861828,6,9,6,21,0.2857142857142857
2023-11-06,0.35303286,0.57236576,0.4513539950407687,11,9,1,21,0.5238095238095238
2023-11-07,0.3371722,0.58378977,0.3697837639067853,7,13,1,21,0.3333333333333333
2023-11-08,0.3449326,0.5860734,0.3979245324619114,9,7,4,20,0.45
2023-11-09,0.3364537,0.58596176,0.6249865235849505,16,4,1,21,0.7619047619047619
2023-11-10,0.3328171,0.5877332,0.4771601997315883,10,8,2,20,0.5
2023-11-11,0.32896942,0.5941399,0.3101658919826149,6,12,2,20,0.3
2023-11-12,0.32275727,0.5950391,0.5784380453683081,13,8,0,21,0.6190476190476191
2023-11-13,0.3217759,0.602303,0.4760671312871732,7,12,0,19,0.3684210526315789
2023-11-14,0.31278226,0.6122162,0.3710887011140585,7,12,1,20,0.35
2023-11-15,0.31472734,0.61546993,0.5635213245238576,12,9,0,21,0.5714285714285714
2023-11-16,0.31368452,0.6293336,0.4380383137613535,9,9,2,20,0.45
2023-11-17,0.31497297,0.63630235,0.5170687813311815,10,9,1,20,0.5
2023-11-18,0.30922604,0.64819485,0.2773947812772045,3,9,6,18,0.16666666666666666
2023-11-19,0.30847356,0.653733,0.3526038835268644,6,13,2,21,0.2857142857142857
2023-11-20,0.30863178,0.65269625,0.4291210547089576,9,11,1,21,0.42857142857142855
2023-11-21,0.30191344,0.6473924,0.3959439389407634,9,10,1,20,0.45
2023-11-22,0.30163866,0.6451274,0.3511629125103354,6,12,2,20,0.3
2023-11-23,0.30503404,0.65050995,0.4665432660840451,9,9,2,20,0.45
2023-11-24,0.30496055,0.6519412,0.549704714367787,10,7,1,18,0.5555555555555556
2023-11-25,0.2993998,0.64831644,0.3898104121418375,7,10,2,19,0.3684210526315789
2023-11-26,0.29891396,0.64935476,0.4776683646793428,10,9,0,19,0.5263157894736842
2023-11-27,0.30801457,0.6452925,0.4630417062767914,10,8,3,21,0.47619047619047616
2023-11-28,0.32026014,0.6409056,0.4942334124611484,10,7,1,18,0.5555555555555556
2023-11-29,0.31869102,0.63192075,0.4661013005035264,10,9,2,21,0.47619047619047616
2023-11-30,0.3196447,0.63134325,0.5234988488256931,11,8,1,20,0.55
2023-12-01,0.32312745,0.62727714,0.5756114923395217,12,7,1,20,0.6
2023-12-02,0.3282016,0.6234798,0.4101066689061768,6,10,1,17,0.35294117647058826
2023-12-03,0.33092624,0.6203491,0.6247753875428125,13,6,0,19,0.6842105263157895
2023-12-04,0.32043257,0.6235283,0.4083999317139387,7,10,3,20,0.35
2023-12-05,0.32414803,0.62731147,0.3487170163542031,7,12,1,20,0.35
2023-12-06,0.31727973,0.6279743,0.4702229710916678,9,8,1,18,0.5
2023-12-07,0.31840456,0.634364,0.5479885851520867,13,5,3,21,0.6190476190476191
2023-12-08,0.32244,0.6331814,0.3480642604592599,7,11,1,19,0.3684210526315789
2023-12-09,0.31663427,0.6398443,0.4003142962853114,8,11,2,21,0.38095238095238093
2023-12-10,0.31848463,0.6350869,0.3183892614075115,6,14,1,21,0.2857142857142857
2023-12-11,0.3154584,0.62922245,0.561251336414563,13,6,0,19,0.6842105263157895
2023-12-12,0.31642133,0.62750155,0.5062258016495478,11,9,1,21,0.5238095238095238
2023-12-13,0.31148863,0.6294814,0.4125465422957426,8,10,3,21,0.38095238095238093
2023-12-14,0.31337714,0.6168339,0.6653719118796289,15,5,0,20,0.75
2023-12-15,0.31527895,0.6188024,0.5350526267041763,11,7,3,21,0.5238095238095238
2023-12-16,0.31038487,0.6126132,0.5465704360533328,12,9,0,21,0.5714285714285714
2023-12-17,0.3053217,0.62064695,0.3536008159142164,6,14,1,21,0.2857142857142857
2023-12-18,0.3232387,0.6104837,0.4476658904126712,9,12,0,21,0.42857142857142855
2023-12-19,0.32738143,0.6078991,0.3852555954240654,6,10,3,19,0.3157894736842105
2023-12-20,0.32540762,0.61051905,0.5109952273113387,12,7,2,21,0.5714285714285714
2023-12-21,0.32972267,0.60585386,0.4317816329237662,7,12,0,19,0.3684210526315789
2023-12-22,0.32969424,0.5953733,0.4151696952887707,7,10,1,18,0.3888888888888889
2023-12-23,0.3294422,0.60928065,0.4568554488451857,8,10,1,19,0.42105263157894735
2023-12-24,0.32901043,0.60440063,0.2873258400811916,5,8,5,18,0.2777777777777778
2023-12-25,0.32785437,0.60410583,0.5320082780365881,13,4,2,19,0.6842105263157895
2023-12-26,0.3272636,0.60495496,0.4454938467395933,9,9,1,19,0.47368421052631576
2023-12-27,0.33017373,0.603887,0.358518108548153,8,9,4,21,0.38095238095238093
2023-12-28,0.3280869,0.60320336,0.505783566126698,9,9,1,19,0.47368421052631576
2023-12-29,0.32485956,0.6036156,0.4553193289786577,9,10,1,20,0.45
2023-12-30,0.3247651,0.6086582,0.5165855542756617,10,10,0,20,0.5
2023-12-31,0.32172096,0.6039048,0.4268724006556329,7,14,0,21,0.3333333333333333
2024-01-01,0.31779367,0.60672104,0.4051588110270954,9,9,3,21,0.42857142857142855
2024-01-02,0.3125024,0.6144121,0.4272627798840404,9,9,2,20,0.45
2024-01-03,0.31181154,0.6206639,0.627687256783247,16,4,0,20,0.8
2024-01-04,0.309951,0.62511826,0.5670028491055265,10,7,0,17,0.5882352941176471
2024-01-05,0.30828068,0.63171667,0.5457963964768818,13,5,3,21,0.6190476190476191
2024-01-06,0.3066509,0.6360218,0.564832721885882,11,7,1,19,0.5789473684210527
2024-01-07,0.3053701,0.6428112,0.5964731092875203,12,5,1,18,0.6666666666666666
2024-01-08,0.3161931,0.62611884,0.546115310345259,12,4,2,18,0.6666666666666666
2024-01-09,0.32295266,0.62497574,0.5044107742999729,8,11,0,19,0.42105263157894735
2024-01-10,0.31818956,0.62582463,0.5153850577771664,12,6,3,21,0.5714285714285714
2024-01-11,0.31877783,0.6159927,0.3956070619635284,7,10,3,20,0.35
2024-01-12,0.31829157,0.6152547,0.3428371634922529,4,14,1,19,0.21052631578947367
2024-01-13,0.31806526,0.60985225,0.383888845021526,9,8,4,21,0.42857142857142855
2024-01-14,0.3181987,0.6115866,0.5146372346650987,13,7,1,21,0.6190476190476191
2024-01-15,0.31023476,0.6107901,0.3890695111629993,7,10,2,19,0.3684210526315789
2024-01-16,0.30897206,0.6121678,0.4497291758656502,9,10,1,20,0.45
2024-01-17,0.30293748,0.61771685,0.4322708457904426,9,6,4,19,0.47368421052631576
2024-01-18,0.2955605,0.61970305,0.4935880161467053,10,9,2,21,0.47619047619047616
2024-01-19,0.2945769,0.6227386,0.5208591862581671,13,4,3,20,0.65
2024-01-20,0.2921098,0.61851263,0.5463219346478582,13,6,1,20,0.65
2024-01-21,0.28573933,0.62294346,0.4779491288587451,11,6,3,20,0.55
2024-01-22,0.30280903,0.62310886,0.5239715384319424,10,9,1,20,0.5
2024-01-23,0.30981475,0.6161616,0.3951202362687105,9,8,4,21,0.42857142857142855
2024-01-24,0.31208667,0.62093455,0.3788016647100448,6,13,1,20,0.3
2024-01-25,0.31982592,0.6180018,0.5721538255922496,12,6,2,20,0.6
2024-01-26,0.31713,0.61953866,0.6107792047162851,15,5,1,21,0.7142857142857143
2024-01-27,0.32066652,0.6202333,0.6140842293115223,14,2,1,17,0.8235294117647058
2024-01-28,0.3180304,0.612927,0.6751320585608482,15,5,0,20,0.75
2024-01-29,0.3230739,0.60592157,0.432676739724619,10,8,3,21,0.47619047619047616
2024-01-30,0.32583314,0.6156347,0.545353791443631,11,8,1,20,0.55
2024-01-31,0.32839856,0.61627173,0.5505467660725116,13,7,0,20,0.65
2024-02-01,0.33176357,0.6094331,0.3801138663575762,8,12,1,21,0.38095238095238093
2024-02-02,0.32815453,0.61806405,0.4200863970443606,9,9,2,20,0.45
2024-02-03,0.32977772,0.623211,0.4597761756495425,10,9,0,19,0.5263157894736842
2024-02-04,0.33320838,0.61951584,0.5628579229116439,14,5,1,20,0.7
2024-02-05,0.31327742,0.6240633,0.4855753771568599,11,8,0,19,0.5789473684210527
2024-02-06,0.3126552,0.6183831,0.5152324949832339,10,8,1,19,0.5263157894736842
2024-02-07,0.31422222,0.61436284,0.3493951434890429,4,13,1,18,0.2222222222222222
2024-02-08,0.3107465,0.61413527,0.5208444107127818,11,5,3,19,0.5789473684210527
2024-02-09,0.3090308,0.61464477,0.4281892008369877,8,10,3,21,0.38095238095238093
2024-02-10,0.3081321,0.61390084,0.4404808917925471,11,6,4,21,0.5238095238095238
2024-02-11,0.3070642,0.61285776,0.3058100421447306,5,12,3,20,0.25
2024-02-12,0.3223209,0.6131438,0.4667824061498755,11,8,2,21,0.5238095238095238
2024-02-13,0.32176968,0.6039242,0.5619837069197705,12,5,2,19,0.631578947368421
2024-02-14,0.32240704,0.6052502,0.4327492928132415,11,8,1,20,0.55
2024-02-15,0.32547697,0.6030365,0.4586055104277636,8,11,0,19,0.42105263157894735
2024-02-16,0.32630718,0.60343087,0.1804705946927978,2,13,6,21,0.09523809523809523
2024-02-17,0.32757753,0.6060549,0.4359621699703367,11,3,5,19,0.5789473684210527
2024-02-18,0.32825127,0.60243183,0.4503288701590564,9,9,0,18,0.5
2024-02-19,0.3310325,0.60038525,0.4705108958813879,8,10,0,18,0.4444444444444444
2024-02-20,0.34170866,0.6103817,0.5363518861122429,12,7,1,20,0.6
2024-02-21,0.34589565,0.6063554,0.5604861642987955,12,4,5,21,0.5714285714285714
2024-02-22,0.34782326,0.60724014,0.6442098501873644,13,5,1,19,0.6842105263157895
2024-02-23,0.35479048,0.6125843,0.5476926717729795,14,6,1,21,0.6666666666666666
2024-02-24,0.34853896,0.6132215,0.519299002778199,10,8,0,18,0.5555555555555556
2024-02-25,0.35005847,0.6077804,0.5065981481224299,11,9,0,20,0.55
2024-02-26,0.30144253,0.6175352,0.5724675968289376,11,9,0,20,0.55
2024-02-27,0.30562595,0.6231364,0.4902945535257458,11,9,0,20,0.55
2024-02-28,0.2996514,0.6256971,0.5077027646558625,13,8,0,21,0.6190476190476191
2024-02-29,0.28951952,0.6377362,0.4008109070066559,9,9,1,19,0.47368421052631576
2024-03-01,0.29177085,0.63988584,0.4596642104997521,11,8,2,21,0.5238095238095238
2024-03-02,0.28664136,0.6458968,0.3997823031619191,9,8,3,20,0.45
2024-03-03,0.27783626,0.6642393,0.511369588971138,11,9,0,20,0.55
2024-03-04,0.27508143,0.65215117,0.4898780376503342,12,6,1,19,0.631578947368421
2024-03-05,0.2703902,0.6565329,0.4981104593724012,10,10,0,20,0.5
2024-03-06,0.27161318,0.65554756,0.5679941752925515,14,3,3,20,0.7
2024-03-07,0.27112657,0.65453595,0.5477068201594409,13,7,1,21,0.6190476190476191
2024-03-08,0.27059,0.65427995,0.5421754887238854,13,6,2,21,0.6190476190476191
2024-03-09,0.2717265,0.6575464,0.5504154814850717,12,9,0,21,0.5714285714285714
2024-03-10,0.2683893,0.66548926,0.5912034932523966,12,8,0,20,0.6
2024-03-11,0.29261622,0.6510555,0.5562118855970246,12,6,3,21,0.5714285714285714
2024-03-12,0.29482722,0.6509208,0.3991138172291574,8,11,2,21,0.38095238095238093
2024-03-13,0.30184945,0.65195334,0.6020608656108379,15,5,0,20,0.75
2024-03-14,0.3022852,0.63825625,0.4752437337523415,11,10,0,21,0.5238095238095238
2024-03-15,0.30491394,0.6379808,0.5642108675092459,14,6,1,21,0.6666666666666666
2024-03-16,0.3090202,0.6242588,0.4291447727453141,9,10,2,21,0.42857142857142855
2024-03-17,0.3110024,0.6291818,0.4218971622421553,7,11,1,19,0.3684210526315789
2024-03-18,0.32382926,0.62701565,0.6090832862414812,12,7,0,19,0.631578947368421
2024-03-19,0.3276234,0.62451416,0.5222692645988182,10,7,2,19,0.5263157894736842
2024-03-20,0.32708243,0.62036043,0.4448729104229382,11,9,1,21,0.5238095238095238
2024-03-21,0.33548912,0.62485886,0.4177207623918851,10,5,6,21,0.47619047619047616
2024-03-22,0.3358719,0.61763394,0.4097748094238341,8,12,0,20,0.4
2024-03-23,0.34046605,0.6203714,0.4775914907869365,9,8,1,18,0.5
2024-03-24,0.34201932,0.6207061,0.435590636347317,8,8,2,18,0.4444444444444444
2024-03-25,0.33309832,0.6103122,0.5406775210230124,12,8,1,21,0.5714285714285714
2024-03-26,0.33597642,0.6204011,0.4345345824956894,7,12,1,20,0.35
2024-03-27,0.33092687,0.62390816,0.4874772105954195,11,6,2,19,0.5789473684210527
2024-03-28,0.3329473,0.62601733,0.5037436202606734,9,7,1,17,0.5294117647058824
2024-03-29,0.33493719,0.6271049,0.5869473783033234,14,6,1,21,0.6666666666666666
2024-03-30,0.33102703,0.63797414,0.510840459481666,11,7,1,19,0.5789473684210527
2024-03-31,0.32972118,0.64075357,0.4144926924435865,8,9,4,21,0.38095238095238093
2024-04-01,0.32544506,0.6302289,0.6439272346241134,15,5,1,21,0.7142857142857143
2024-04-02,0.32745272,0.62626123,0.4426600164216425,9,7,2,18,0.5
2024-04-03,0.32786795,0.626121,0.6698066107928753,17,3,0,20,0.85
2024-04-04,0.32472193,0.61803496,0.3882824868778697,9,6,5,20,0.45
2024-04-05,0.3260561,0.62059474,0.5140323024243116,10,6,2,18,0.5555555555555556
2024-04-06,0.32363704,0.61179906,0.4118624272217092,7,9,3,19,0.3684210526315789
2024-04-07,0.3292794,0.60932314,0.6194130102438586,14,5,2,21,0.6666666666666666
2024-04-08,0.31592286,0.6129986,0.4743570007849484,9,9,2,20,0.45
2024-04-09,0.30818573,0.6165451,0.4176834240994033,6,10,1,17,0.35294117647058826
2024-04-10,0.3055832,0.6218959,0.4028393153101205,9,11,0,20,0.45
2024-04-11,0.30238348,0.6142281,0.4242769573770818,9,11,1,21,0.42857142857142855
2024-04-12,0.30075735,0.61858976,0.5434744741767645,10,10,0,20,0.5
2024-04-13,0.29945818,0.6172769,0.5466778684363124,12,6,3,21,0.5714285714285714
2024-04-14,0.29475775,0.62001824,0.5281824908758465,12,5,2,19,0.631578947368421
2024-04-15,0.3088402,0.62100357,0.5268283048201174,11,7,3,21,0.5238095238095238
2024-04-16,0.31582844,0.6188666,0.5349651120210949,10,9,0,19,0.5263157894736842
2024-04-17,0.31004858,0.6197128,0.4066780605575159,7,10,4,21,0.3333333333333333
2024-04-18,0.31375873,0.6250628,0.4983716545332419,10,6,3,19,0.5263157894736842
2024-04-19,0.31725657,0.6204993,0.4350601878801459,9,8,2,19,0.47368421052631576
2024-04-20,0.3186207,0.6227744,0.4802009211362977,11,5,3,19,0.5789473684210527
2024-04-21,0.31999594,0.62575024,0.4354376180304421,8,8,2,18,0.4444444444444444
2024-04-22,0.31392798,0.6268675,0.4696231701721747,10,9,2,21,0.47619047619047616
2024-04-23,0.31322557,0.6244474,0.5119797437402763,10,6,3,19,0.5263157894736842
2024-04-24,0.30698133,0.63041335,0.3824857254978269,8,8,4,20,0.4
2024-04-25,0.3014994,0.637357,0.4314430575817823,7,13,0,20,0.35
2024-04-26,0.29852223,0.63667566,0.6502825090367543,15,4,0,19,0.7894736842105263
2024-04-27,0.29953316,0.6405268,0.6751496415762674,16,5,0,21,0.7619047619047619
2024-04-28,0.29950693,0.6395674,0.4943722973479644,11,7,1,19,0.5789473684210527
2024-04-29,0.2799568,0.65642107,0.5057163191959262,11,8,1,20,0.55
2024-04-30,0.268436,0.6561358,0.5217161082662642,13,5,2,20,0.65
2024-05-01,0.26044127,0.6703151,0.5471465957203978,11,7,1,19,0.5789473684210527
2024-05-02,0.254764,0.675032,0.7123874080808539,16,3,0,19,0.8421052631578947
2024-05-03,0.24526107,0.67647105,0.5407592874197733,12,8,1,21,0.5714285714285714
2024-05-04,0.2415239,0.6774344,0.5909846480935812,14,5,1,20,0.7
2024-05-05,0.24437058,0.6821348,0.5955208021970022,14,7,0,21,0.6666666666666666
2024-05-06,0.2636196,0.67302716,0.457234325632453,10,9,1,20,0.5
2024-05-07,0.26198065,0.66903096,0.539321856159303,11,7,0,18,0.6111111111111112
2024-05-08,0.26235464,0.6706251,0.4862462431192398,9,9,1,19,0.47368421052631576
2024-05-09,0.26318637,0.6640545,0.3991645462810993,7,12,2,21,0.3333333333333333
2024-05-10,0.26345542,0.66997325,0.4170883174397443,6,13,0,19,0.3157894736842105
2024-05-11,0.2639564,0.66262037,0.4747733785525748,11,6,2,19,0.5789473684210527
2024-05-12,0.26418406,0.65531224,0.406786999758333,8,9,3,20,0.4
2024-05-13,0.2686875,0.653328,0.6084850637449158,12,6,0,18,0.6666666666666666
2024-05-14,0.2718513,0.6588998,0.4361962558407533,8,9,2,19,0.42105263157894735
2024-05-15,0.27876034,0.64487433,0.5103527786210179,11,9,0,20,0.55
2024-05-16,0.28613612,0.6518785,0.4586230773656141,9,10,2,21,0.42857142857142855
2024-05-17,0.27790368,0.65898246,0.5080280790434164,10,5,2,17,0.5882352941176471
2024-05-18,0.28103912,0.655847,0.613161238176482,17,4,0,21,0.8095238095238095
2024-05-19,0.28259036,0.6543021,0.5952575387699264,12,7,2,21,0.5714285714285714
2024-05-20,0.2930521,0.6568179,0.5606924130448273,13,7,1,21,0.6190476190476191
2024-05-21,0.2961075,0.6555978,0.459094687923789,9,8,3,20,0.45
2024-05-22,0.29815727,0.65398264,0.5893929857760668,13,5,2,20,0.65
2024-05-23,0.2991614,0.6473265,0.4679704770445824,10,10,0,20,0.5
2024-05-24,0.29869315,0.64453,0.5040946682501171,10,6,2,18,0.5555555555555556
2024-05-25,0.3051754,0.6500644,0.5128277514129878,11,8,1,20,0.55
2024-05-26,0.30148497,0.6561902,0.5157525676768273,12,6,2,20,0.6
2024-05-27,0.29666674,0.6483231,0.6090617254376411,12,7,1,20,0.6
2024-05-28,0.30603233,0.63696504,0.5074809420676458,12,6,3,21,0.5714285714285714
2024-05-29,0.3096389,0.61477125,0.262930215232902,3,14,1,18,0.16666666666666666
2024-05-30,0.30807978,0.6294876,0.5334261176841599,11,10,0,21,0.5238095238095238
2024-05-31,0.31022286,0.61110425,0.4208824448287487,8,12,1,21,0.38095238095238093
2024-06-01,0.3111358,0.61745584,0.3511496964842081,6,13,1,20,0.3
2024-06-02,0.31033316,0.615394,0.3307253056102328,4,14,0,18,0.2222222222222222
2024-06-03,0.32495147,0.61337936,0.4351287315643969,9,11,1,21,0.42857142857142855
2024-06-04,0.3167358,0.6113711,0.5855128221213818,13,5,2,20,0.65
2024-06-05,0.323791,0.6082167,0.4197810545098036,6,13,1,20,0.3
2024-06-06,0.32209933,0.6065357,0.4732145324349403,10,8,2,20,0.5
2024-06-07,0.32212284,0.6073078,0.3701353725977242,7,11,2,20,0.35
2024-06-08,0.31728137,0.6076659,0.463349220143365,9,10,2,21,0.42857142857142855
2024-06-09,0.322278,0.61234444,0.5345757595312438,12,5,2,19,0.631578947368421
2024-06-10,0.33018017,0.6057362,0.2584537014365196,5,13,2,20,0.25
2024-06-11,0.33768705,0.6051692,0.3298398285712066,5,12,2,19,0.2631578947368421
2024-06-12,0.33650297,0.5932066,0.6188723260448092,15,6,0,21,0.7142857142857143
2024-06-13,0.34190664,0.59933156,0.3885263691523245,8,11,2,21,0.38095238095238093
2024-06-14,0.34284374,0.6015374,0.5039156645536422,10,8,2,20,0.5
2024-06-15,0.34737748,0.589385,0.4169402493163943,7,11,2,20,0.35
2024-06-16,0.3416587,0.5912949,0.503108047414571,10,9,1,20,0.5
2024-06-17,0.3507071,0.59336543,0.4514470976733026,9,9,3,21,0.42857142857142855
2024-06-18,0.3533649,0.58547723,0.4072839506950818,8,9,2,19,0.42105263157894735
2024-06-19,0.34775117,0.5945876,0.4762712758034467,10,9,1,20,0.5
2024-06-20,0.3617115,0.5783238,0.6485925035639888,16,3,2,21,0.7619047619047619
2024-06-21,0.35198227,0.5800077,0.6370902264283763,14,4,0,18,0.7777777777777778
2024-06-22,0.3519668,0.5794093,0.4954125712576665,9,9,1,19,0.47368421052631576
2024-06-23,0.35391784,0.5806608,0.4917619053274393,9,11,0,20,0.45
2024-06-24,0.3503411,0.570589,0.5191821902990341,13,8,0,21,0.6190476190476191
2024-06-25,0.34711164,0.58306545,0.5287138696759939,11,7,2,20,0.55
2024-06-26,0.34868658,0.57784534,0.4247856520205026,9,9,3,21,0.42857142857142855
2024-06-27,0.34564433,0.5831676,0.5415980982545175,13,4,2,19,0.6842105263157895
2024-06-28,0.34262744,0.5841929,0.4687652756509028,8,10,1,19,0.42105263157894735
2024-06-29,0.33769903,0.590291,0.4772543360789616,11,8,2,21,0.5238095238095238
2024-06-30,0.3348469,0.593185,0.3760898457396598,8,9,4,21,0.38095238095238093
2024-07-01,0.34989962,0.583044,0.3851911662146449,8,11,1,20,0.4
2024-07-02,0.3472564,0.5954931,0.5408020520582795,11,8,1,20,0.55
2024-07-03,0.3488876,0.59468526,0.4916878244017853,10,7,0,17,0.5882352941176471
2024-07-04,0.34847462,0.59354955,0.4285215765592597,9,10,2,21,0.42857142857142855
2024-07-05,0.3487547,0.5963926,0.4745187190802474,9,8,2,19,0.47368421052631576
2024-07-06,0.34968683,0.6039115,0.5264114657683032,11,9,1,21,0.5238095238095238
2024-07-07,0.3475174,0.61018145,0.5295638603468736,11,9,1,21,0.5238095238095238
2024-07-08,0.34189126,0.60202694,0.6633107600733638,15,4,1,20,0.75
2024-07-09,0.34851763,0.60401464,0.3877837608801201,7,9,4,20,0.35
2024-07-10,0.34617195,0.60913444,0.3756644276695119,6,10,2,18,0.3333333333333333
2024-07-11,0.34305742,0.6060011,0.5275459412485362,12,7,1,20,0.6
2024-07-12,0.34136736,0.60545367,0.5773331938045365,15,6,0,21,0.7142857142857143
2024-07-13,0.3385203,0.60560024,0.5042624037712813,11,7,2,20,0.55
2024-07-14,0.34677863,0.6054034,0.4920360483596788,10,6,3,19,0.5263157894736842
2024-07-15,0.32731456,0.6075348,0.4119562136597539,7,10,2,19,0.3684210526315789
2024-07-16,0.32326496,0.6034288,0.6469563912777674,17,3,1,21,0.8095238095238095
2024-07-17,0.32146436,0.6049289,0.6385299756768203,15,6,0,21,0.7142857142857143
2024-07-18,0.32398129,0.60358524,0.3818985743241177,6,12,0,18,0.3333333333333333
2024-07-19,0.3107539,0.6083245,0.4513473968952894,9,11,0,20,0.45
2024-07-20,0.3100741,0.6155681,0.4267311921637309,8,9,2,19,0.42105263157894735
2024-07-21,0.30305284,0.61245817,0.54515167396693,10,9,2,21,0.47619047619047616
2024-07-22,0.3114284,0.6106905,0.4413666845195823,7,10,1,18,0.3888888888888889
2024-07-23,0.3133095,0.6233377,0.7177572868326131,13,4,0,17,0.7647058823529411
2024-07-24,0.31649452,0.6227849,0.518436822295189,13,6,1,20,0.65
2024-07-25,0.31222013,0.6249522,0.4797454219725396,11,6,1,18,0.6111111111111112
2024-07-26,0.31500784,0.63049716,0.4819304967299104,11,9,0,20,0.55
2024-07-27,0.3130099,0.63283515,0.5219967197626829,14,5,1,20,0.7
2024-07-28,0.3105371,0.63897383,0.4685323009267449,11,8,1,20,0.55
2024-07-29,0.33463126,0.6245155,0.5977568157801503,14,3,2,19,0.7368421052631579
2024-07-30,0.34605107,0.6115504,0.4547955797985196,10,8,2,20,0.5
2024-07-31,0.34226212,0.60713696,0.4893108006566763,8,9,3,20,0.4
2024-08-01,0.34958914,0.59367454,0.3693221699269045,9,12,0,21,0.42857142857142855
2024-08-02,0.3524906,0.58874846,0.3887417046796708,8,12,1,21,0.38095238095238093
2024-08-03,0.3590596,0.5759576,0.4457182356466849,9,9,0,18,0.5
2024-08-04,0.35357335,0.5772828,0.3130290728239785,5,13,3,21,0.23809523809523808
2024-08-05,0.36971903,0.5611422,0.3273924716748296,9,6,5,20,0.45
2024-08-06,0.3653667,0.5613987,0.4054922152842794,8,10,3,21,0.38095238095238093
2024-08-07,0.37045202,0.5595869,0.5100001434942609,12,6,1,19,0.631578947368421
2024-08-08,0.367651,0.564282,0.4711250348482281,10,9,1,20,0.5
2024-08-09,0.3685011,0.5574108,0.5853007754517926,11,7,0,18,0.6111111111111112
2024-08-10,0.36182868,0.54655176,0.374085759744048,7,11,2,20,0.35
2024-08-11,0.37564483,0.548859,0.3012113915290683,5,14,1,20,0.25
2024-08-12,0.36681342,0.5615823,0.3304216591641306,6,12,2,20,0.3
2024-08-13,0.36397898,0.5631696,0.4401787326205522,8,8,4,20,0.4
2024-08-14,0.36599573,0.5666963,0.5472311542369426,14,3,3,20,0.7
2024-08-15,0.3634391,0.56921947,0.459009644202888,10,9,1,20,0.5
2024-08-16,0.36144716,0.56218415,0.4349057027383854,8,9,2,19,0.42105263157894735
2024-08-17,0.37098685,0.5575632,0.4748164287635258,11,7,3,21,0.5238095238095238
2024-08-18,0.36643302,0.56690234,0.4551023411098868,10,6,4,20,0.5
2024-08-19,0.35500848,0.5728785,0.4452046012505889,8,11,1,20,0.4
2024-08-20,0.34990612,0.56986374,0.4990489225834608,10,7,3,20,0.5
2024-08-21,0.35108882,0.5713234,0.4232467204332352,8,12,0,20,0.4
2024-08-22,0.34189066,0.58315676,0.4726122136981714,12,5,4,21,0.5714285714285714
2024-08-23,0.3409459,0.57857877,0.5310737833380699,13,6,1,20,0.65
2024-08-24,0.3414307,0.5855317,0.4896831116860821,13,4,4,21,0.6190476190476191
2024-08-25,0.34276387,0.586407,0.5928721647887003,14,7,0,21,0.6666666666666666
2024-08-26,0.34112778,0.5932737,0.5755023036152125,13,6,1,20,0.65
2024-08-27,0.34725246,0.5787641,0.3999822167189498,7,8,4,19,0.3684210526315789
2024-08-28,0.34993824,0.577003,0.3638033385388552,7,10,3,20,0.35
2024-08-29,0.3458167,0.579905,0.4743836334063893,10,9,2,21,0.47619047619047616
2024-08-30,0.35110226,0.57891595,0.4527349925599992,10,9,1,20,0.5
2024-08-31,0.35029805,0.56837565,0.7538984762061209,18,3,0,21,0.8571428571428571
2024-09-01,0.34768295,0.5680721,0.5188771355897188,11,9,0,20,0.55
2024-09-02,0.32607147,0.5673792,0.5193502089940012,12,7,1,20,0.6
2024-09-03,0.32795817,0.57952034,0.4323547108865836,9,7,1,17,0.5294117647058824
2024-09-04,0.32541183,0.5720904,0.3917239228729158,7,11,2,20,0.35
2024-09-05,0.3221791,0.5751764,0.529768489068374,11,7,2,20,0.55
2024-09-06,0.32316676,0.57250315,0.5263442296741737,10,7,1,18,0.5555555555555556
2024-09-07,0.3156201,0.58051634,0.5935745144573351,15,5,1,21,0.7142857142857143
2024-09-08,0.31664422,0.5849509,0.3196261289219061,6,6,6,18,0.3333333333333333
2024-09-09,0.32296434,0.58744407,0.5454580358866798,13,4,2,19,0.6842105263157895
2024-09-10,0.31717336,0.5952094,0.4052167683839797,7,11,1,19,0.3684210526315789
2024-09-11,0.32168233,0.59834373,0.5469686474651099,11,8,1,20,0.55
2024-09-12,0.32053104,0.59906125,0.6564575530588627,15,5,0,20,0.75
2024-09-13,0.31941527,0.6091884,0.5017362760291213,12,6,3,21,0.5714285714285714
2024-09-14,0.32044592,0.6099452,0.5250693454096714,11,5,2,18,0.6111111111111112
2024-09-15,0.32264698,0.61329925,0.4361436737603263,11,8,0,19,0.5789473684210527
2024-09-16,0.3264055,0.6088538,0.4524742700159549,10,8,2,20,0.5
2024-09-17,0.33149415,0.6080614,0.3460565133253112,6,10,4,20,0.3
2024-09-18,0.33998626,0.5962366,0.1125834113400842,1,10,7,18,0.05555555555555555
2024-09-19,0.34138906,0.60452676,0.4700893210247159,10,10,0,20,0.5
2024-09-20,0.33692867,0.59759,0.5114144483581186,12,7,1,20,0.6
2024-09-21,0.34468693,0.5945201,0.4831383948116318,8,10,1,19,0.42105263157894735
2024-09-22,0.3528223,0.59039557,0.5544118024408817,14,5,2,21,0.6666666666666666
2024-09-23,0.32551336,0.5908703,0.5361295308917761,12,8,0,20,0.6
2024-09-24,0.35592216,0.57970077,0.4720177210512615,10,9,2,21,0.47619047619047616
2024-09-25,0.35754183,0.57596546,0.6159595385193825,15,5,0,20,0.75
2024-09-26,0.3445011,0.5764495,0.521007819660008,12,7,1,20,0.6
2024-09-27,0.3284434,0.57848376,0.6123206611722708,15,5,0,20,0.75
2024-09-28,0.32709894,0.5867966,0.7019648346162978,19,2,0,21,0.9047619047619048
2024-09-29,0.3238281,0.5737355,0.5312384834720029,10,8,0,18,0.5555555555555556
2024-09-30,0.34034365,0.5635786,0.4142400041222572,7,11,2,20,0.35
2024-10-01,0.3384719,0.5626212,0.3690729387104511,6,13,1,20,0.3
2024-10-02,0.33319706,0.5691769,0.3944725118621829,8,11,2,21,0.38095238095238093
2024-10-03,0.33780587,0.5723231,0.3225287821676049,6,15,0,21,0.2857142857142857
2024-10-04,0.33616465,0.5728401,0.3483616054058075,4,16,0,20,0.2
2024-10-05,0.33392075,0.5706005,0.461131664738059,9,10,1,20,0.45
2024-10-06,0.33136213,0.5689966,0.4363691147771619,9,9,3,21,0.42857142857142855
2024-10-07,0.33635715,0.568643,0.5888705391338781,12,6,1,19,0.631578947368421
2024-10-08,0.3427481,0.58257955,0.3541902972473984,7,13,1,21,0.3333333333333333
2024-10-09,0.3327735,0.5923779,0.6073457331341856,12,4,1,17,0.7058823529411765
2024-10-10,0.3334209,0.5927722,0.4471979700960219,8,10,2,20,0.4
2024-10-11,0.31608418,0.59610546,0.3893427915871143,6,13,1,20,0.3
2024-10-12,0.31229565,0.59770197,0.4894189454615116,11,6,3,20,0.55
2024-10-13,0.32056934,0.5900003,0.5264951102435589,11,7,0,18,0.6111111111111112
2024-10-14,0.32873556,0.6060414,0.5454230962528123,9,9,0,18,0.5
2024-10-15,0.30846602,0.6143576,0.4554196884855628,10,9,1,20,0.5
2024-10-16,0.29441255,0.62817305,0.4306283929340896,10,9,2,21,0.47619047619047616
2024-10-17,0.28515103,0.6284882,0.5726607237991533,14,5,0,19,0.7368421052631579
2024-10-18,0.2752689,0.64240557,0.6459319690863291,16,5,0,21,0.7619047619047619
2024-10-19,0.27884012,0.6459241,0.663041665440514,18,3,0,21,0.8571428571428571
2024-10-20,0.2610234,0.6516793,0.6829324875559125,17,4,0,21,0.8095238095238095
2024-10-21,0.26862013,0.6483084,0.6052148303105718,15,5,1,21,0.7142857142857143
2024-10-22,0.26113722,0.6518426,0.4776587771872679,9,10,2,21,0.42857142857142855
2024-10-23,0.26040345,0.6544421,0.6340087822505406,16,4,1,21,0.7619047619047619
2024-10-24,0.2608663,0.6546931,0.5347428443400484,12,7,0,19,0.631578947368421
2024-10-25,0.25127172,0.65990627,0.5608942111954093,12,7,1,20,0.6
2024-10-26,0.2474378,0.6668151,0.479716150001401,10,10,1,21,0.47619047619047616
2024-10-27,0.24853678,0.6674601,0.5643720151413054,13,7,1,21,0.6190476190476191
2024-10-28,0.27756843,0.6531997,0.3028868153425199,6,12,3,21,0.2857142857142857
2024-10-29,0.27716222,0.66350186,0.314122421760112,4,14,2,20,0.2
2024-10-30,0.2708987,0.66834694,0.4737062199041247,10,8,2,20,0.5
2024-10-31,0.27537072,0.66177315,0.4036288686534938,8,7,2,17,0.47058823529411764
2024-11-01,0.27441362,0.6668448,0.5484962440613244,10,6,2,18,0.5555555555555556
2024-11-02,0.27361035,0.6719203,0.4263338839635253,10,8,2,20,0.5
2024-11-03,0.2711814,0.67253184,0.556592347543864,14,7,0,21,0.6666666666666666
2024-11-04,0.28007707,0.6708279,0.4590379791824441,10,6,3,19,0.5263157894736842
2024-11-05,0.28694907,0.66841775,0.4574057215026447,8,11,2,21,0.38095238095238093
2024-11-06,0.2801066,0.658062,0.3332264659926295,7,9,4,20,0.35
2024-11-07,0.2883525,0.65777683,0.3654648141053162,7,12,0,19,0.3684210526315789
2024-11-08,0.27141932,0.6591071,0.5538416238501668,13,7,0,20,0.65
2024-11-09,0.29869673,0.6453975,0.2572349401279574,3,16,2,21,0.14285714285714285
2024-11-10,0.2892079,0.63961434,0.5434683675153388,13,3,2,18,0.7222222222222222
2024-11-11,0.29265344,0.6287269,0.4499973555561155,9,10,1,20,0.45
2024-11-12,0.2973163,0.6292276,0.5503423314541578,12,8,0,20,0.6
2024-11-13,0.2932397,0.63861847,0.5354645291441366,12,7,0,19,0.631578947368421
2024-11-14,0.28817594,0.64104784,0.5143456265330315,9,10,1,20,0.45
2024-11-15,0.28846318,0.6366748,0.4196916026994585,8,10,0,18,0.4444444444444444
2024-11-16,0.28950515,0.6383534,0.4673168912884735,10,9,2,21,0.47619047619047616
2024-11-17,0.29052266,0.646666,0.4673497935845738,11,9,1,21,0.5238095238095238
2024-11-18,0.2908706,0.64307266,0.4745191470719874,10,7,3,20,0.5
2024-11-19,0.28301162,0.6518326,0.3674193656160718,7,10,4,21,0.3333333333333333
2024-11-20,0.28196296,0.6536331,0.4566781201532909,9,12,0,21,0.42857142857142855
2024-11-21,0.2828993,0.6578219,0.5995425308013663,12,5,0,17,0.7058823529411765
2024-11-22,0.27495876,0.6631036,0.3961291620507836,7,5,6,18,0.3888888888888889
2024-11-23,0.2694747,0.66602695,0.4938957120635007,10,9,0,19,0.5263157894736842
2024-11-24,0.26860568,0.6674406,0.5727051999419928,13,7,0,20,0.65
2024-11-25,0.2623886,0.655298,0.339112380426377,5,10,5,20,0.25
2024-11-26,0.26543573,0.6647645,0.613186083379246,16,5,0,21,0.7619047619047619
2024-11-27,0.27613905,0.65490556,0.6426189708567801,15,6,0,21,0.7142857142857143
2024-11-28,0.28635034,0.64449036,0.5185229193419219,12,7,1,20,0.6
2024-11-29,0.29671884,0.6303549,0.4422511312933195,10,10,1,21,0.47619047619047616
2024-11-30,0.29295954,0.62828594,0.5356620961800218,12,7,1,20,0.6
2024-12-01,0.29741088,0.62549305,0.4827126005762501,10,8,1,19,0.5263157894736842
2024-12-02,0.30045924,0.6356051,0.3317149296635762,4,10,2,16,0.25
2024-12-03,0.30130348,0.6293424,0.5198341662152892,12,7,2,21,0.5714285714285714
2024-12-04,0.3100682,0.61538076,0.188679182813281,2,17,2,21,0.09523809523809523
2024-12-05,0.31742698,0.62477833,0.4441535589063451,10,8,3,21,0.47619047619047616
2024-12-06,0.31312233,0.6229365,0.3450707147518794,5,11,2,18,0.2777777777777778
2024-12-07,0.3222592,0.6258537,0.356227447944028,4,17,0,21,0.19047619047619047
2024-12-08,0.32280108,0.6235354,0.4357283966615796,9,10,1,20,0.45
2024-12-09,0.32512867,0.62582934,0.4612727252717473,10,7,2,19,0.5263157894736842
2024-12-10,0.31045085,0.62251455,0.3765541524404571,7,14,0,21,0.3333333333333333
2024-12-11,0.31192672,0.6240117,0.2575185831990979,6,9,6,21,0.2857142857142857
2024-12-12,0.30275872,0.62393475,0.3458755033918553,5,12,1,18,0.2777777777777778
2024-12-13,0.29730314,0.6233775,0.474907427494015,11,10,0,21,0.5238095238095238
2024-12-14,0.29220858,0.62242794,0.5203219721507695,12,5,1,18,0.6666666666666666
2024-12-15,0.28483284,0.62399316,0.594744076124496,12,6,0,18,0.6666666666666666
2024-12-16,0.3001542,0.6228083,0.4043239429149599,7,11,3,21,0.3333333333333333
2024-12-17,0.30747887,0.6190712,0.4432513321794215,9,10,2,21,0.42857142857142855
2024-12-18,0.31323072,0.6121233,0.5859316550195217,12,5,1,18,0.6666666666666666
2024-12-19,0.31490585,0.6048753,0.4862062987827119,11,8,2,21,0.5238095238095238
2024-12-20,0.31407896,0.60630435,0.5307039383210634,12,3,4,19,0.631578947368421
2024-12-21,0.32288864,0.59535205,0.5856786796616184,13,5,0,18,0.7222222222222222
2024-12-22,0.33050734,0.5905179,0.3758134658941451,7,6,4,17,0.4117647058823529
2024-12-23,0.32855618,0.5935922,0.4639364369213581,10,7,3,20,0.5
2024-12-24,0.31499314,0.5977987,0.3525896932752359,5,12,4,21,0.23809523809523808
2024-12-25,0.31580123,0.5932937,0.5116670188597507,10,8,0,18,0.5555555555555556
2024-12-26,0.30536819,0.59721595,0.5895336780697107,13,6,1,20,0.65
2024-12-27,0.30563334,0.5953377,0.4365286400541663,9,9,2,20,0.45
2024-12-28,0.29825264,0.60901314,0.4524895196987523,9,9,0,18,0.5
2024-12-29,0.2950692,0.60707736,0.5254855873063207,14,4,2,20,0.7
2024-12-30,0.2943115,0.6115391,0.599339653737843,13,6,1,20,0.65
2024-12-31,0.28715107,0.6098696,0.4509175540389199,8,8,3,19,0.42105263157894735
2025-01-01,0.2880765,0.6125657,0.5010820027244719,11,6,2,19,0.5789473684210527
2025-01-02,0.28283486,0.61124474,0.406082466425788,8,9,1,18,0.4444444444444444
2025-01-03,0.28623834,0.60981464,0.364594657268179,8,10,1,19,0.42105263157894735
2025-01-04,0.27660045,0.61931354,0.3457111763326745,6,9,4,19,0.3157894736842105
2025-01-05,0.28022963,0.61968863,0.3889567884616554,8,10,2,20,0.4
2025-01-06,0.27989432,0.62557924,0.4729210764169693,9,7,4,20,0.45
2025-01-07,0.29095948,0.6229847,0.4277535618859387,8,11,2,21,0.38095238095238093
2025-01-08,0.2888878,0.6201795,0.4469148444011807,7,13,0,20,0.35
2025-01-09,0.30358684,0.6156126,0.4718989117071032,12,6,2,20,0.6
2025-01-10,0.29700992,0.61652327,0.4641898585897352,9,5,4,18,0.5
2025-01-11,0.31313124,0.61694896,0.331421668885187,7,9,5,21,0.3333333333333333
2025-01-12,0.30756173,0.6118722,0.5129352760501206,11,5,4,20,0.55
2025-01-13,0.32215092,0.6127598,0.3491361827279131,7,12,2,21,0.3333333333333333
2025-01-14,0.3220812,0.6136961,0.4378517356358076,9,7,3,19,0.47368421052631576
2025-01-15,0.31971213,0.61940384,0.5268974973771133,11,6,2,19,0.5789473684210527
2025-01-16,0.32913753,0.61580783,0.3407344673538491,7,10,4,21,0.3333333333333333
2025-01-17,0.32705966,0.6255778,0.6903513925416129,18,1,2,21,0.8571428571428571
2025-01-18,0.33077297,0.6214387,0.6192673981189728,12,8,0,20,0.6
2025-01-19,0.3495256,0.61985993,0.5808186991826484,13,4,2,19,0.6842105263157895
2025-01-20,0.32225567,0.6238636,0.4790282521396875,11,8,1,20,0.55
2025-01-21,0.31790984,0.6258068,0.4980532019644191,11,7,1,19,0.5789473684210527
2025-01-22,0.3182405,0.6288316,0.5320407697244695,13,4,2,19,0.6842105263157895
2025-01-23,0.3315274,0.63007534,0.4229453005310561,9,8,1,18,0.5
2025-01-24,0.30756104,0.63650143,0.4111725161118166,9,8,4,21,0.42857142857142855
2025-01-25,0.30550525,0.6340276,0.6371640898287296,13,4,1,18,0.7222222222222222
2025-01-26,0.30850294,0.63680077,0.4809209797531366,9,11,0,20,0.45
2025-01-27,0.31472328,0.6289805,0.329838270232791,6,12,3,21,0.2857142857142857
2025-01-28,0.3162756,0.62419504,0.4887119843846276,8,12,1,21,0.38095238095238093
2025-01-29,0.32189313,0.62517375,0.44940241306488,10,8,3,21,0.47619047619047616
2025-01-30,0.3197915,0.62162167,0.3723348705098032,8,7,6,21,0.38095238095238093
2025-01-31,0.32024467,0.62699664,0.4279105019706644,9,8,2,19,0.47368421052631576
2025-02-01,0.3197363,0.62625015,0.4301309657283127,8,9,3,20,0.4
2025-02-02,0.31704372,0.6268129,0.4626821660924525,10,8,3,21,0.47619047619047616
2025-02-03,0.32378873,0.6260067,0.3864996576387631,7,11,1,19,0.3684210526315789
2025-02-04,0.33502167,0.6294366,0.3545453087426722,7,9,4,20,0.35
2025-02-05,0.35526928,0.6205734,0.4136886050747264,10,8,3,21,0.47619047619047616
2025-02-06,0.32564768,0.62822986,0.4226189587442648,10,8,3,21,0.47619047619047616
2025-02-07,0.34303656,0.62429106,0.5542356569319964,11,9,0,20,0.55
2025-02-08,0.3374266,0.62480253,0.4038320407271385,9,8,4,21,0.42857142857142855
2025-02-09,0.3493073,0.6157566,0.4618830606341362,11,7,2,20,0.55
2025-02-10,0.33801657,0.61922204,0.4595805495977402,12,8,0,20,0.6
2025-02-11,0.337163,0.6192727,0.2989467064801014,7,5,7,19,0.3684210526315789
2025-02-12,0.336165,0.62194204,0.4726628991775214,9,6,5,20,0.45
2025-02-13,0.3314205,0.6199412,0.519796568681212,8,8,1,17,0.47058823529411764
2025-02-14,0.31833184,0.6226337,0.5987857335823632,12,8,1,21,0.5714285714285714
2025-02-15,0.316506,0.6228383,0.3936445717478082,9,9,3,21,0.42857142857142855
2025-02-16,0.312448,0.6241047,0.6653197087347508,14,6,0,20,0.7
2025-02-17,0.32137758,0.6248435,0.5744220256391499,11,6,1,18,0.6111111111111112
2025-02-18,0.31040683,0.62360364,0.317071610219067,6,12,3,21,0.2857142857142857
2025-02-19,0.309402,0.62712866,0.6115433944389224,13,7,0,20,0.65
2025-02-20,0.29993197,0.63176185,0.5795040034822055,15,4,2,21,0.7142857142857143
2025-02-21,0.2954447,0.63792765,0.4952280994896826,11,6,2,19,0.5789473684210527
2025-02-22,0.2921237,0.63698286,0.5958997341138976,12,9,0,21,0.5714285714285714
2025-02-23,0.28374007,0.63963455,0.6071600892433995,13,5,1,19,0.6842105263157895
2025-02-24,0.29994422,0.63017476,0.4755019780196663,10,5,3,18,0.5555555555555556
2025-02-25,0.29861182,0.6275791,0.4037341301639874,6,13,2,21,0.2857142857142857
2025-02-26,0.2988725,0.627774,0.6730294296223867,12,7,0,19,0.631578947368421
2025-02-27,0.2953747,0.63009644,0.3796146539971232,8,10,2,20,0.4
2025-02-28,0.29746208,0.62769395,0.3316181308279435,6,7,5,18,0.3333333333333333
2025-03-01,0.29990593,0.6237305,0.2430538688541242,4,11,4,19,0.21052631578947367
2025-03-02,0.2984837,0.6246462,0.4280613803615172,8,9,1,18,0.4444444444444444
2025-03-03,0.29467148,0.6324355,0.4034205139859727,7,10,2,19,0.3684210526315789
2025-03-04,0.29777908,0.6338311,0.4623887356370687,11,9,0,20,0.55
2025-03-05,0.29831147,0.6406525,0.3037878938950598,5,11,4,20,0.25
2025-03-06,0.29508087,0.63586736,0.3936338314320892,9,7,4,20,0.45
2025-03-07,0.29711646,0.6396514,0.3069353983737528,6,10,4,20,0.3
2025-03-08,0.2875124,0.6326446,0.2743228456005454,5,8,7,20,0.25
2025-03-09,0.28858793,0.6458393,0.4200964726899799,8,9,2,19,0.42105263157894735
2025-03-10,0.28900617,0.6546137,0.4768499889307552,8,10,0,18,0.4444444444444444
2025-03-11,0.28985727,0.64602536,0.2863302977853699,4,12,3,19,0.21052631578947367
2025-03-12,0.28973767,0.64931136,0.4261870164620249,9,8,2,19,0.47368421052631576
2025-03-13,0.2923932,0.65649754,0.317166824678057,6,11,2,19,0.3157894736842105
2025-03-14,0.28941914,0.66412574,0.425813260355166,10,9,2,21,0.47619047619047616
2025-03-15,0.2895514,0.66795236,0.3748898307645791,6,9,4,19,0.3157894736842105
2025-03-16,0.2841492,0.66804165,0.3785075213582742,9,8,4,21,0.42857142857142855
2025-03-17,0.29296282,0.6554077,0.4315513142384589,10,7,3,20,0.5
2025-03-18,0.2968388,0.66218907,0.4150283464954959,8,9,1,18,0.4444444444444444
2025-03-19,0.29327962,0.65085113,0.5037284588648213,11,6,1,18,0.6111111111111112
2025-03-20,0.30524325,0.6392026,0.5124773136561825,11,8,2,21,0.5238095238095238
2025-03-21,0.3118645,0.63834053,0.4719091426581144,12,3,5,20,0.6
2025-03-22,0.3118356,0.6273303,0.4912095529337724,9,7,2,18,0.5
2025-03-23,0.3298681,0.61296886,0.5111892754910514,10,7,3,20,0.5
2025-03-24,0.31820157,0.62239105,0.2626052894355619,3,11,3,17,0.17647058823529413
2025-03-25,0.30859652,0.6269512,0.3601728744804859,7,11,2,20,0.35
2025-03-26,0.30173498,0.633903,0.5513080744268862,10,8,1,19,0.5263157894736842
2025-03-27,0.29520118,0.64345795,0.3373650724166318,7,10,2,19,0.3684210526315789
2025-03-28,0.2890608,0.63867176,0.5191486202180385,10,10,0,20,0.5
2025-03-29,0.28119984,0.6455059,0.3241448452962296,6,13,2,21,0.2857142857142857
2025-03-30,0.283146,0.64564073,0.4346718429342696,7,10,2,19,0.3684210526315789
2025-03-31,0.28711826,0.6462493,0.4928004432469606,10,8,2,20,0.5
2025-04-01,0.29209644,0.6521331,0.3716832683421671,7,10,3,20,0.35
2025-04-02,0.2975261,0.64893556,0.4911020882427692,10,7,4,21,0.47619047619047616
2025-04-03,0.3105447,0.65244246,0.350894906092435,7,11,2,20,0.35
2025-04-04,0.30593884,0.65168077,0.4745525049045682,10,7,3,20,0.5
2025-04-05,0.3103815,0.6563113,0.3302488227521902,6,9,4,19,0.3157894736842105
2025-04-06,0.31251475,0.65989006,0.4161726146152145,8,9,2,19,0.42105263157894735
2025-04-07,0.31716943,0.6530487,0.5614522554372486,11,8,0,19,0.5789473684210527
2025-04-08,0.30526632,0.65070754,0.2561420363167093,3,11,4,18,0.16666666666666666
2025-04-09,0.29313734,0.65765524,0.3449075448326766,8,9,3,20,0.4
2025-04-10,0.29670855,0.6585149,0.3222908569233758,5,15,1,21,0.23809523809523808
2025-04-11,0.28120747,0.67271686,0.5553785429469177,11,8,2,21,0.5238095238095238
2025-04-12,0.27549803,0.67640084,0.5471267286492022,11,6,2,19,0.5789473684210527
2025-04-13,0.280724,0.6692384,0.5418847776461571,12,7,2,21,0.5714285714285714
2025-04-14,0.27275744,0.66428345,0.3839330172264262,7,10,2,19,0.3684210526315789
2025-04-15,0.27735895,0.6631759,0.4941146512956996,10,8,1,19,0.5263157894736842
2025-04-16,0.29209346,0.66741574,0.6755663201212883,15,5,0,20,0.75
2025-04-17,0.29807144,0.66711724,0.5638626932183908,53,32,2,87,0.6091954022988506
2025-04-18,0.30262536,0.6599321,0.5618691087473684,58,32,5,95,0.6105263157894737
2025-04-19,0.31448102,0.65558183,0.5696554408,57,22,6,85,0.6705882352941176
2025-04-20,0.32006824,0.6579153,0.688487742547619,67,16,1,84,0.7976190476190477
2025-04-21,0.32984248,0.65713906,0.4703703443255814,43,36,7,86,0.5
2025-04-22,0.31379974,0.6568205,0.389653540304878,31,39,12,82,0.3780487804878049
2025-04-23,0.31631762,0.6586331,0.3744237314933333,25,41,9,75,0.3333333333333333
2025-04-24,0.29816538,0.66379505,0.5693763765581396,52,31,3,86,0.6046511627906976
2025-04-25,0.3018314,0.6555637,0.415782417260274,29,35,9,73,0.3972602739726027
2025-04-26,0.28948137,0.6613482,0.5009883515607595,39,31,9,79,0.4936708860759494
2025-04-27,0.28601608,0.66267264,0.5192570616,45,18,13,76,0.5921052631578947
2025-04-28,0.2942973,0.66178983,0.5556856396666666,49,32,3,84,0.5833333333333334
2025-04-29,0.30047163,0.6550282,0.3798567355304877,31,42,9,82,0.3780487804878049
2025-04-30,0.29458818,0.66041267,0.4724584892912087,45,35,11,91,0.4945054945054945
